watersysteem_id;locatie_naam;locatie_code;locatie_omschrijving;geometry
Afgedamde Maas;Strandje Wijkse Bol;spijk.wijksebol.strand;Strandje Wijkse Bol;c(5.134235, 51.761657)
Afgedamde Maas;Strandje Andel;andel.strand;Strandje Andel;c(5.06116, 51.783418)
Afgedamde Maas;Aalst, De Neswaarden;aalst.deneswaarden;Aalst, De Neswaarden;c(5.115173, 51.785668)
Afgedamde Maas;De Hooge Waard, camping badstrand;dehoogewaard.campingbadstrand;De Hooge Waard, camping badstrand;c(5.082301, 51.779529)
Afgedamde Maas;Badstrand Veen;badstrandveen;Badstrand Veen;c(5.105079, 51.784412)
Afgedamde Maas;Aalst, Waterspeelplaats De Neswaarden;aalst.waterspeelplaatsdeneswaarden;Aalst, Waterspeelplaats De Neswaarden;c(5.114232, 51.785477)
Afgedamde Maas;Wijksche Waard, Badstrand;wijkschewaard.badstrand;Wijksche Waard, Badstrand;c(5.129937, 51.773773)
Afgedamde Maas;Aalst, De Rietschoof, meetpunt 1;aalst.derietschoof.1;strand;c(5.125978, 51.77674)
Afgedamde Maas;Strandje Rijswijk;rijswijk.waalhaven;Strandje Rijswijk;c(5.02178, 51.803706)
Afgedamde Maas;Well, badstrand;well.badstrand;Well, badstrand;c(5.185952, 51.747529)
Afgesloten IJ;Amsterdam, km 25;amsterdam.km25;IJtunnel;c(4.905707, 52.380775)
Afgesloten IJ;Amsterdam, Surinamekade;amsterdam.surinamekade;Amsterdam, Surinamekade;c(4.949568, 52.37726)
Amer;Biesbosch, Marina;biesbosch.marina;Biesbosch, Marina;c(4.822605, 51.709165)
Amsterdam-Rijnkanaal;Nieuwersluis;nieuwersluis;Nieuwersluis;c(4.999561, 52.202172)
Amsterdam-Rijnkanaal;Diemen;diemen;Diemen;c(4.983599, 52.349384)
Amsterdam-Rijnkanaal;Diemen Muiden brug;diemen.muidenbrug;Diemen Muiden brug;c(5.015217, 52.333141)
Amsterdam-Rijnkanaal;Maarssen, kanaal;maarssen.kanaal;Maarssen, kanaal;c(5.039151, 52.133807)
Amsterdam-Rijnkanaal;Weesp, Amsterdam-Rijnkanaal;weesp.amsterdamrijnkanaal;Weesp, Amsterdam-Rijnkanaal;c(5.018799, 52.316829)
Amsterdam-Rijnkanaal;Wijk bij Duurstede, Amsterdam-Rijnkanaal;wijkbijduurstede.amsterdamrijnkanaal;Wijk bij Duurstede, Amsterdam-Rijnkanaal;c(5.293258, 51.97479)
Amsterdam-Rijnkanaal;Tiel Sluis, kanaal;tiel.sluis.kanaal;Tiel Sluis, kanaal;c(5.452592, 51.904386)
Amsterdam-Rijnkanaal;Maurik Mauriksewetering;maurik.mauriksewetering;Maurik Mauriksewetering;c(5.38961, 51.94173)
Amsterdam-Rijnkanaal;Rijswijk Drielandenpunt;rijswijk.drielandenpunt;Rijswijk Drielandenpunt;c(5.35958, 51.95187)
Amsterdam-Rijnkanaal;Zoelen Beuningengemaal;zoelen.beuningengemaal;Zoelen Beuningengemaal;c(5.43391, 51.92096)
Amsterdam-Rijnkanaal;Rijswijk, Betuwepand;rijswijk.betuwepand;Rijswijk, Betuwepand;c(5.361295, 51.952417)
Bathse Spuikanaal;Rilland, Bathsebrug;rilland.bathsebrug;voorheen Kreekrakbrug spuikanaal;c(4.231181, 51.42503)
Bathse Spuikanaal;Rilland Bathse spuisluis;rilland.bathsespuisluis;Rilland Bathse spuisluis;c(4.23458, 51.3931)
Bathse Spuikanaal;Rilland Bathse spuisluis binnen;rilland.bathsespuisluis.binnen;Rilland Bathse spuisluis binnen;c(4.235008, 51.393198)
Beneden Merwede;Dordrecht Oude Maas, Beneden Merwede;dordrecht.oudemaas.benedenmerwede;Dordrecht Oude Maas, Beneden Merwede;c(4.671, 51.82)
Bergsche Maas;Keizersveer;hank.bergschemaas;km 247,60;c(4.894, 51.7191)
Bergsche Maas;Heesbeen;heesbeen;Heesbeen;c(5.124738, 51.735848)
Boven-Rijn;Lobith, Bovenrijn, Tolkamer;lobith.bovenrijn.tolkamer;Lobith, Bovenrijn, Tolkamer;c(6.1024, 51.8495)
Brabantse Biesbosch;Gat van de Kerksloot, badstrand;gatvandekerksloot.badstrand;Gat van de Kerksloot, badstrand;c(4.771368, 51.724368)
Brabantse Biesbosch;Aakvlaai, badstrand;aakvlaai.badstrand;Aakvlaai, badstrand;c(4.864773, 51.723572)
Brabantse Biesbosch;Rietplaat, badstrand;rietplaat.badstrand;Rietplaat, badstrand;c(4.776977, 51.748397)
Brabantse Biesbosch;Noordergat, van de Plomp, badstrand;noordergat.vandeplomp.badstrand;Noordergat, van de Plomp, badstrand;c(4.7917, 51.719079)
Brabantse Biesbosch;Werkendam, Middelste Kievitswaard;werkendam.middelstekievitswaard;Werkendam, Middelste Kievitswaard;c(4.807028, 51.784694)
Brabantse Biesbosch;Werkendam, Binnen Kievitswaard;werkendam.binnenkievitswaard;Werkendam, Binnen Kievitswaard;c(4.830278, 51.792222)
Brabantse Biesbosch;Werkendam, Kleine Zalm;werkendam.kleinezalm;Werkendam, Kleine Zalm;c(4.821139, 51.761722)
Brabantse Biesbosch;Werkendam, Vogelenzang;werkendam.vogelenzang;Werkendam, Vogelenzang;c(4.836139, 51.769167)
Brabantse Biesbosch;Werkendam, Nieuwe Merwede;werkendam.nieuwemerwede;buiten;c(4.876824, 51.806041)
Brabantse Biesbosch;Werkendam, Happen Hennip;werkendam.happenhennip;Werkendam, Happen Hennip;c(4.795944, 51.780722)
Brabantse Biesbosch;Werkendam, Steenenmuur;werkendam.steenenmuur;Werkendam, Steenenmuur;c(4.839778, 51.765278)
Brabantse Biesbosch;Werkendam, Kooike;werkendam.kooike;Werkendam, Kooike;c(4.862972, 51.783139)
Haringvliet;Stellendam, recreatieterrein RWS;stellendam.recreatieterreinrws;Stellendam, recreatieterrein RWS;c(4.044816, 51.823716)
Haringvliet;Stad aan het Haringvliet, strand;stadaantharingvliet.strand;Stad aan het Haringvliet, strand;c(4.241611, 51.744927)
Haringvliet;Hellevloetsluis, Hellecat, badstrand;hellevloetsluis.hellecat.badstrand;Hellevloetsluis, Hellecat, badstrand;c(4.07616, 51.841339)
Haringvliet;Middelharnis, badstrand;middelharnis.badstrand;Middelharnis, badstrand;c(4.193731, 51.771983)
Haringvliet;Haringvlietbrug, west;haringvlietbrug.west;Haringvlietbrug, west;c(4.403063, 51.722033)
Haringvliet;Vuurtoren Badstrand Hellevoetsluis;vuurtorenbadstrandhellevoetsluis;Vuurtoren Badstrand Hellevoetsluis;c(4.124278, 51.821299)
Haringvliet;Den Bommel, badstrand;denbommel.badstrand;Den Bommel, badstrand;c(4.28171, 51.72129)
Haringvliet;Haringvlietsluizen;haringvlietsluizen;punt ligt binnen;c(4.058326, 51.82947)
Haringvliet;Haringvliet, Kier1;haringvliet.1;Haringvliet, Kier1;c(4.12387, 51.79685)
Haringvliet;Goudswaard, Spui;goudswaard.spui;Goudswaard, Spui;c(4.236792, 51.782319)
Haringvliet;Haringvliet, Kier4;haringvliet.4;Haringvliet, Kier4;c(4.07514, 51.82039)
Haringvliet;Middelharnis, meetboei;middelharnis.meetboei;Middelharnis, meetboei;c(4.192119, 51.776524)
Haringvliet;Stellendam, binnen;stellendam.binnen;Stellendam, binnen;c(4.050028, 51.826694)
Haringvliet;Haringvliet, Kier2;haringvliet.2;Haringvliet, Kier2;c(4.074067, 51.819858)
Haringvliet;Haringvliet, Kier3;haringvliet.3;Haringvliet, Kier3;c(4.051158, 51.826032)
Haringvliet;Haringvlietsluizen, buiten;haringvlietsluizen.buiten;Haringvlietsluizen, buiten;c(4.04484, 51.829227)
Haringvliet;Stellendam, Haringvlietsluizen, schuif 11;stellendam.haringvlietsluizen.schuif11;Stellendam, Haringvlietsluizen, schuif 11;c(4.048633, 51.831883)
Haringvliet;Stellendam, Haringvlietsluizen, schuif 15;stellendam.haringvlietsluizen.schuif15;Stellendam, Haringvlietsluizen, schuif 15;c(4.046333, 51.830166)
Haringvliet;Stellendam, Haringvlietsluizen, schuif 16;stellendam.haringvlietsluizen.schuif16;Stellendam, Haringvlietsluizen, schuif 16;c(4.045767, 51.82975)
Haringvliet;Stellendam, Haringvlietsluizen, schuif 8;stellendam.haringvlietsluizen.schuif8;Stellendam, Haringvlietsluizen, schuif 8;c(4.05035, 51.833166)
Haringvliet;Stellendam, Haringvlietsluizen, schuif 6;stellendam.haringvlietsluizen.schuif6;Stellendam, Haringvlietsluizen, schuif 6;c(4.051483, 51.834016)
Haringvliet;Stellendam, Haringvlietsluizen, schuif 5;stellendam.haringvlietsluizen.schuif5;Stellendam, Haringvlietsluizen, schuif 5;c(4.05205, 51.83445)
Haringvliet;Stellendam, Haringvlietsluizen, schuif 4;stellendam.haringvlietsluizen.schuif4;Stellendam, Haringvlietsluizen, schuif 4;c(4.052617, 51.8349)
Haringvliet;Stellendam, Haringvlietsluizen, schuif 3;stellendam.haringvlietsluizen.schuif3;Stellendam, Haringvlietsluizen, schuif 3;c(4.053267, 51.835366)
Haringvliet;Stellendam, Haringvlietsluizen, schuif 10;stellendam.haringvlietsluizen.schuif10;Stellendam, Haringvlietsluizen, schuif 10;c(4.0492, 51.832333)
Haringvliet;Stellendam, Haringvlietsluizen, schuif 1;stellendam.haringvlietsluizen.schuif1;Stellendam, Haringvlietsluizen, schuif 1;c(4.054383, 51.836166)
Haringvliet;Stellendam, Haringvlietsluizen, schuif 9;stellendam.haringvlietsluizen.schuif9;Stellendam, Haringvlietsluizen, schuif 9;c(4.049767, 51.832733)
Haringvliet;Stellendam, Haringvlietsluizen, schuif 12;stellendam.haringvlietsluizen.schuif12;Stellendam, Haringvlietsluizen, schuif 12;c(4.04805, 51.831466)
Haringvliet;Stellendam, Haringvlietsluizen, schuif 13;stellendam.haringvlietsluizen.schuif13;Stellendam, Haringvlietsluizen, schuif 13;c(4.047483, 51.831033)
Haringvliet;Stellendam, Haringvlietsluizen, schuif 7;stellendam.haringvlietsluizen.schuif7;Stellendam, Haringvlietsluizen, schuif 7;c(4.050917, 51.833583)
Haringvliet;Hellevoetsluis;hellevoetsluis;Hellevoetsluis;c(4.128239, 51.819724)
Haringvliet;Stellendam, buitenhaven;stellendam.buitenhaven;Stellendam, buitenhaven;c(4.033445, 51.827028)
Havens, kreken en killen bij Gors d’n Anwas, ter hoogte van Woudrichem;De Mosterdpot;demosterdpot;De Mosterdpot;c(5.000435, 51.81925)
Buiten-IJ;Amsterdam, Schellingwouderbrug;amsterdam.schellingwouderbrug;Amsterdam, Schellingwouderbrug;c(4.967545, 52.378673)
Buitenhaven van IJmuiden;IJmuiden, Buitenhaven, 8;ijmuiden.buitenhaven.8;IJmuiden, Buitenhaven, 8;c(4.580848, 52.468285)
Buitenhaven van IJmuiden;IJmuiden, buitenhaven;ijmuiden.buitenhaven;IJmuiden, buitenhaven;c(4.555, 52.463)
Buitenhaven van IJmuiden;IJmuiden, noordersluis, west;ijmuiden.noordersluis.west;IJmuiden, noordersluis, west;c(4.604, 52.4678)
Buitenhaven van IJmuiden;IJmuiden, 1 km uit de kust;ijmuiden.1kmuitdekust;IJmuiden, 1 km uit de kust;c(4.5387, 52.465894)
Calandkanaal;Beerkanaal, midden;beerkanaal.midden;Beerkanaal, midden;c(4.090393, 51.975455)
Calandkanaal;Rozenburgsesluis, noordzijde;rozenburgsesluis.noordzijde;Rozenburgsesluis, noordzijde;c(4.228892, 51.895774)
Bijlandsch Kanaal;Watersportcentrum De Bijland;watersportcentrumdebijland;Watersportcentrum De Bijland;c(6.079573, 51.865106)
Bijlandsch Kanaal;Lobith, ponton;lobith.ponton;Lobith, ponton;c(6.091178, 51.854205)
Bijlandsch Kanaal;Millingen a/d Rijn Pannerdense Kop;millingenaanderijn.pannerdensekop;Millingen a/d Rijn Pannerdense Kop;c(6.0417, 51.872)
Bijlandsch Kanaal;Lobith, Bovenrijn, haven;lobith.bovenrijn.haven;Lobith, Bovenrijn, haven;c(6.083651, 51.857505)
Lek;Tull en 't Waal, west;tullentwaal.west;Tull en 't Waal, west;c(5.133401, 51.997563)
Lek;Tull en 't Waal, oost;tullentwaal.oost;Tull en 't Waal, oost;c(5.140409, 51.994208)
Lek;Middelwaard;middelwaard;Middelwaard;c(5.075122, 51.994143)
Lek;Honswijkerplas;honswijkerplas;Honswijkerplas;c(5.146929, 51.992055)
Lek;Bergambacht Lek;bergambacht.lek;drinkwaterinnamepunt;c(4.7859, 51.918929)
Lek;Hagestein;hagestein;Hagestein;c(5.132711, 51.990866)
Lek;Kinderdijk Lek;kinderdijk.lek;Kinderdijk Lek;c(4.62599, 51.8883)
Lek;Kinderdijk Linkeroever (kilometer 988.8);kinderdijk.linkeroever.km988.8;Kinderdijk Linkeroever (kilometer 988.8);c(4.62598955, 51.88829964)
Lek;Schoonhoven;schoonhoven;Schoonhoven;c(4.85, 51.942)
Lek;Krimpen aan de Lek, Lek;krimpenaandelek.lek;Krimpen aan de Lek, Lek;c(4.628906, 51.890722)
Lek;Hagestein, boven;hagestein.boven;Hagestein, boven;c(5.1352, 51.9895)
Lek;Hagestein, beneden;hagestein.beneden;Hagestein, beneden;c(5.1315, 51.993)
Lek;Culemborg;culemborg;brug;c(5.214, 51.961)
Dordtsche Kil;Dordrecht Dordtsche Kil;dordrecht.dordtschekil;Dordrecht Dordtsche Kil;c(4.627158, 51.787782)
Eems, Dollard;Termunten, zeestrand;termunten.zeestrand;Termunten, zeestrand;c(7.031538, 53.302878)
Eems, Dollard;Huibertgat, oost;huibertgat.oost;Huibertgat, oost;c(6.661199, 53.559133)
Eems, Dollard;Bocht van Watum;bochtvanwatum;Bocht van Watum;c(6.94394, 53.334933)
Eems, Dollard;Eemshaven, Waddenzee;eemshaven.waddenzee;stroommeetpaal;c(6.821731, 53.474392)
Eems, Dollard;Groote Gat, noord;grootegat.noord;Groote Gat, noord;c(7.15666, 53.304291)
Eems, Dollard;Huibertgat;huibertgat;Huibertgat;c(6.398433, 53.57375)
Eems, Dollard;Bocht van Watum, dijkvoet VKA;bochtvanwatum.dijkvoetvka;Bocht van Watum, dijkvoet VKA;c(6.876722, 53.409922)
Eemskanaal;Zeestrand, Eemshotel, Delfzijl;zeestrand.eemshotel.delfzijl;Zeestrand, Eemshotel, Delfzijl;c(6.931385, 53.334825)
Eemskanaal;Delfzijl;delfzijl;Delfzijl;c(6.931, 53.328)
Eemskanaal;Slochtersluis;slochtersluis.boven;Slochtersluis;c(6.65056, 53.23631)
Lekkanaal;Nieuwegein, lekkanaal;nieuwegein.lekkanaal;Nieuwegein, lekkanaal;c(5.113007, 52.022729)
Maas;Wessem, Recreatiestrand Comfortparc Wessem;wessem.recreatiestrandcomfortparcwessem;Wessem, Recreatiestrand Comfortparc Wessem;c(5.872004, 51.153627)
Maas;Stevensweert, Brandt, Huiskensplas;stevensweert.brandt.huiskensplas;dagstrand;c(5.859473, 51.138721)
Maas;Maasgouw, Dilkensplas, meetpunt 1;maasgouw.dilkensplas.1;Maasgouw, Dilkensplas, meetpunt 1;c(5.817734, 51.110991)
Maas;Roermond, Resort Marina Oolderhuuske, recreatiestrand;roermond.resortmarinaoolderhuuske.recreatiestrand;Roermond, Resort Marina Oolderhuuske, recreatiestrand;c(5.954914, 51.190285)
Maas;Plas WRC Eijsden, Oost Maarland, noord;plaswrceijsden.oostmaarland.noord;Plas WRC Eijsden, Oost Maarland, noord;c(5.705312, 50.807845)
Maas;Thorn, De Grote Hegge;thorn.degrotehegge;dagstrand;c(5.843738, 51.155656)
Maas;Roermond, De Weerd, noorderplas;roermond.deweerd.noorderplas;dagstrand;c(5.969767, 51.208666)
Maas;Plas WRC Eijsden;plaswrceijsden;Hoge Weerd;c(5.699367, 50.818162)
Maas;De Gouden Ham, Camping Het Groene Eiland;degoudenham.campinghetgroeneeiland;De Gouden Ham, Camping Het Groene Eiland;c(5.548624, 51.834571)
Maas;Recreatiegebied Mookerplas;recreatiegebiedmookerplas;Recreatiegebied Mookerplas;c(5.929823, 51.732233)
Maas;Kraaijenbergse Plassen, 2;kraaijenbergseplassen.2;Kraaijenbergse Plassen, 2;c(5.832835, 51.751339)
Maas;De Gouden Ham, De Maaslanden;degoudenham.demaaslanden;De Gouden Ham, De Maaslanden;c(5.562303, 51.8303)
Maas;De Gouden Ham, Hanzeland;degoudenham.hanzeland;De Gouden Ham, Hanzeland;c(5.546664, 51.826196)
Maas;Heeswijkse Kampen;heeswijksekampen;Heeswijkse Kampen;c(5.849381, 51.74776)
Maas;De Gouden Ham, De Maasterp;degoudenham.demaasterp;De Gouden Ham, De Maasterp;c(5.554369, 51.834652)
Maas;Roermond, Doevesbeemd, west;roermond.doevesbeemd.west;camping Hermans;c(5.976361, 51.208435)
Maas;Kerkdriel, De Zandmeren, westzijde;kerkdriel.dezandmeren.westzijde;oude maasarm km 212;c(5.348091, 51.763281)
Maas;Porta Isola;portaisola;Porta Isola;c(5.855281, 51.134037)
Maas;Kerkdriel, De Zandmeren, noord;kerkdriel.dezandmeren.noord;Kerkdriel, De Zandmeren, noord;c(5.347191, 51.766013)
Maas;Hemelrijkse Waard, dagstrand;hemelrijksewaard.dagstrand;Hemelrijkse Waard, dagstrand;c(5.481898, 51.799553)
Maas;Papenbeek, Leukermeer, Recreatiestrand Vakantiepark;papenbeek.leukermeer.recreatiestrandvakantiepark;Papenbeek, Leukermeer, Recreatiestrand Vakantiepark;c(6.062421, 51.567382)
Maas;Lithse Ham, gemeentestrand;lithseham.gemeentestrand;Lithse Ham, gemeentestrand;c(5.417657, 51.815416)
Maas;Stevensweert, Eiland, De Kis;stevensweert.eiland.dekis;dagstrand;c(5.857728, 51.137182)
Maas;Kraaijenbergse Plassen, 3;kraaijenbergseplassen.3;Kraaijenbergse Plassen, 3;c(5.823105, 51.750018)
Maas;Roermond, Recreatiestrand Camping Hatenboer;roermond.recreatiestrandcampinghatenboer;Roermond, Recreatiestrand Camping Hatenboer;c(5.97448, 51.195627)
Maas;Camping De Schans;campingdeschans;Camping De Schans;c(5.495526, 51.835827)
Maas;Lithse Ham, dagstrand;lithseham.dagstrand;Lithse Ham, dagstrand;c(5.412579, 51.810923)
Maas;Maastricht, Grindgat, Oost-Maarland, 1;maastricht.grindgat.oostmaarland.1;camping, oosterdriessen;c(5.704213, 50.800522)
Maas;Kerkdriel, camping den Bol, dagstrand;kerkdriel.campingdenbol.dagstrand;Kerkdriel, camping den Bol, dagstrand;c(5.335036, 51.778556)
Maas;Leukermeer derde strandje;kamp.leukermeer.strand;Leukermeer derde strandje;c(6.059125, 51.571733)
Maas;Heel, Lateraal Kanaal Linne-Buggenum, innamewerk;heel.lateraalkanaallinnebuggenum.innamewerk;Heel, Lateraal Kanaal Linne-Buggenum, innamewerk;c(5.92716, 51.187568)
Maas;Kraaijenbergse Plassen, Den Drul;kraaijenbergseplassen.dendrul;Kraaijenbergse Plassen, Den Drul;c(5.839673, 51.739951)
Maas;Belfeld, boven;belfeld.boven;Belfeld, boven;c(6.1123, 51.3189)
Maas;Stevensweert;stevensweert;Stevensweert;c(5.841665, 51.131088)
Maas;Borgharen Dorp;maastricht.borgharen.maas.beneden;km 16,00;c(5.691, 50.8724)
Maas;Maastricht Sint Pieter zuid;maastricht.sintpieter.zuid;Maastricht Sint Pieter zuid;c(5.6977, 50.8279)
Maas;Sint Pieter Noord;maastricht.sintpieter;km 10,80;c(5.69732, 50.830294)
Maas;Megen Dorp;megen.maas;km 190,75;c(5.563091, 51.827827)
Maas;Venlo;venlo;km 107,47;c(6.159406, 51.367387)
Maas;Maastricht Bosscherveld overlaat;maastricht.bosscherveld;Maastricht Bosscherveld overlaat;c(5.687038, 50.869849)
Maas;Roermond, stuw, boven;roermond.stuw.boven;Roermond, stuw, boven;c(5.982902, 51.21073)
Maas;Grave, boven;grave.boven;sluis;c(5.743, 51.761)
Maas;Sambeek, boven;sambeek.boven;Sambeek, boven;c(6.0036, 51.63225)
Maas;Lith, boven;lith.boven;Lith, boven;c(5.455, 51.81)
Maas;Maastricht, Borgharen, Maas, boven;maastricht.borgharen.maas.boven;stuw;c(5.698089, 50.868809)
Maas;Linne, stuw, boven;linne.stuw.boven;Linne, stuw, boven;c(5.922507, 51.168812)
Maas;Elsloo;elsloo.maas;km 29,325;c(5.755318, 50.957736)
Maas;Buggenum Hanssumerweerd;buggenum;km 85,77;c(5.99556, 51.22999)
Maas;Sambeek, beneden;sambeek.beneden;Sambeek, beneden;c(5.972, 51.6458)
Maas;Neer;neer;Neer;c(6.0055, 51.2604)
Maas;Uikhoven;uikhoven;lm 25,25;c(5.7321, 50.928834)
Maas;'s-Hertogenbosch Crevecoeur;shertogenbosch.crevecoeur;'s-Hertogenbosch Crevecoeur;c(5.271539, 51.733524)
Maas;Belfeld beneden;steyl;km 102,697;c(6.116676, 51.33536)
Maas;Linne beneden;linne.stuw.beneden;km 70,40;c(5.942617, 51.160525)
Maas;Meeswijk veer;meeswijk;km 38,93;c(5.766474, 51.006474)
Maas;Mook;mook;Mook;c(5.8645, 51.758)
Maas;Lith dorp;lith.beneden;km 202,37;c(5.432911, 51.810386)
Maas;Roermond, boven;roermond.boven;Roermond, boven;c(5.9815, 51.2005)
Maas;Lith, beneden sluis;lith.sluis;Lith, beneden sluis;c(5.452453, 51.80911)
Maas;Gennep;gennep;Gennep;c(5.9574, 51.697)
Maas;Grave, beneden;grave.beneden;sluis;c(5.72, 51.775)
Maas;Well dorp;well;km 132,10;c(6.09245, 51.54744)
Maas-Waalkanaal;Nijmegen Maaswaalkanaal Inlaat Weurt;nijmegen.maaswaalkanaal.inlaatweurt;Nijmegen Maaswaalkanaal Inlaat Weurt;c(5.81146, 51.84111)
Maas-Waalkanaal;Malden Maaswaalkanaal Inlaat Teersesluispolder;malden.maaswaalkanaal.inlaatteersesluispolder;Malden Maaswaalkanaal Inlaat Teersesluispolder;c(5.83495, 51.78926)
Maas-Waalkanaal;Nijmegen Maaswaalkanaal Inlaat Landsweijer;nijmegen.maaswaalkanaal.inlaatlandsweijer;Nijmegen Maaswaalkanaal Inlaat Landsweijer;c(5.80625, 51.82919)
Nederrijn;Hetersche Waarden;heteren.heterschewaarden;Hetersche Waarden;c(5.74784, 51.96302)
Nederrijn;Strand Eiland van Maurik;strandeilandvanmaurik;Strand Eiland van Maurik;c(5.421463, 51.975226)
Nederrijn;Eiland van Maurik, vakantiepark;eilandvanmaurik.vakantiepark;Eiland van Maurik, vakantiepark;c(5.428842, 51.975314)
Nederrijn;Zwanenbad;zwanenbad;Zwanenbad;c(5.948729, 51.93702)
Nederrijn;Gravenbol;gravenbol;Gravenbol;c(5.385602, 51.971816)
Nederrijn;Arnhem, Groene Rivier;arnhem.groenerivier;Arnhem, Groene Rivier;c(5.907068, 51.973587)
Nederrijn;Driel, boven;driel.boven;Driel, boven;c(5.810635, 51.96584)
Nederrijn;Arnhem, Nederrijn;arnhem.nederrijn;Arnhem, Nederrijn;c(5.912023, 51.975408)
Nederrijn;Westervoort IJsselkop;westervoort.ijsselkop;Westervoort IJsselkop;c(5.953, 51.9507)
Nederrijn;Amerongen, boven;amerongen.boven;Amerongen, boven;c(5.4125, 51.9753)
Nederrijn;Driel, beneden;driel.beneden;Driel, beneden;c(5.802606, 51.962992)
Nederrijn;Amerongen, beneden;amerongen.beneden;Amerongen, beneden;c(5.404, 51.974)
Nederrijn;Huissen, Nederrijn;huissen.nederrijn;Huissen, Nederrijn;c(5.962108, 51.933324)
Nederrijn;Rhenen Grebbeberg;rhenen.grebbeberg;Rhenen Grebbeberg;c(5.589806, 51.949389)
Grevelingenmeer;Ouddorp, De Punt, west, badstrand;ouddorp.depunt.west.badstrand;Ouddorp, De Punt, west, badstrand;c(3.87251, 51.781641)
Grevelingenmeer;Kabbelaarsbank, Grevelingen;kabbelaarsbank.grevelingen;Kabbelaarsbank, Grevelingen;c(3.862772, 51.752415)
Grevelingenmeer;Herkingen badstrand;herkingenbadstrand;Herkingen badstrand;c(4.08071, 51.707915)
Grevelingenmeer;Port Zeelande, badstrand;portzeelande.badstrand;Port Zeelande, badstrand;c(3.865118, 51.758873)
Grevelingenmeer;Bruinisse, werkhaven, badstrand;bruinisse.werkhaven.badstrand;Bruinisse, werkhaven, badstrand;c(4.087627, 51.668618)
Grevelingenmeer;Slikken van Flakkee;slikkenvanflakkee;Slikken van Flakkee;c(4.018143, 51.751905)
Grevelingenmeer;Den Osse badstrand;denossebadstrand;Den Osse badstrand;c(3.887785, 51.74417)
Grevelingenmeer;Grevelingendam, badstrand;grevelingendam.badstrand;Grevelingendam, badstrand;c(4.117824, 51.679557)
Grevelingenmeer;Ouddorp, De Punt, Grevelingen;ouddorp.depunt.grevelingen;Ouddorp, De Punt, Grevelingen;c(3.885069, 51.780095)
Grevelingenmeer;Scharendijke, diepe put;scharendijke.diepeput;Scharendijke, diepe put;c(3.848149, 51.742883)
Grevelingenmeer;Herkingen;herkingen;Herkingen;c(4.089169, 51.690479)
Grevelingenmeer;Dreischor;dreischor;Dreischor;c(3.99933, 51.71462)
Grevelingenmeer;Brouwershaven, badstrand;brouwershaven.badstrand;Brouwershaven, badstrand;c(3.91528, 51.731439)
Grevelingenmeer;Bommenede;bommenede;Grevelingen boei G22;c(3.974298, 51.738709)
Grevelingenmeer;Brouwersdam spuisluis binnen schuif6;brouwersdam.spui.binnen.schuif6;Brouwersdam spuisluis binnen schuif6;c(3.827374, 51.748217)
Grevelingenmeer;Brouwersdam spuisluis buiten schuif2;brouwersdam.spui.buiten.schuif2;Brouwersdam spuisluis buiten schuif2;c(3.82584, 51.748584)
Hollandsch Diep;Haringvlietbrug, oost;haringvlietbrug.oost;Haringvlietbrug, oost;c(4.406882, 51.722137)
Hollandsch Diep;Recreatieterrein Hellegatsplein;recreatieterreinhellegatsplein;Recreatieterrein Hellegatsplein;c(4.398554, 51.705842)
Hollandsch Diep;Bovensluis;bovensluis;Bovensluis;c(4.493381, 51.692464)
Hollandsch Diep;Willemstad Hollandschdiep Volkerakspuisluis;willemstad.hollandschdiep.volkerakspuisluis;Willemstad Hollandschdiep Volkerakspuisluis;c(4.421779, 51.694889)
Hollandsch Diep;Willemstad, Hollandsch Diep;willemstad.hollandschdiep;Volkeraksluizen spuisluis;c(4.40689, 51.696401)
Hollandsch Diep;Moerdijk;moerdijk;Moerdijk;c(4.615, 51.712)
Hollandsch Diep;Willemstad Volkeraksluizen gat3;willemstad.volkeraksluizen.schuif3;Willemstad Volkeraksluizen gat3;c(4.402275, 51.691823)
Hollandsch Diep;Willemstad Volkeraksluizen gat2;willemstad.volkeraksluizen.schuif2;Willemstad Volkeraksluizen gat2;c(4.401538, 51.692446)
Hollandsch Diep;Dordrecht Hollands Diep 015;dordrecht.hollandschdiep.015;Dordrecht Hollands Diep 015;c(4.636418, 51.71648)
Hollandsch Diep;Dordrecht Hollands Diep 075;dordrecht.hollandschdiep.075;Dordrecht Hollands Diep 075;c(4.635919, 51.716917)
Hollandsch Diep;Dordrecht Hollands Diep 030;dordrecht.hollandschdiep.030;Dordrecht Hollands Diep 030;c(4.636301, 51.716587)
Hollandsch Diep;Dordrecht Hollands Diep 045;dordrecht.hollandschdiep.045;Dordrecht Hollands Diep 045;c(4.636168, 51.716703)
Hollandsch Diep;Dordrecht Hollands Diep 060;dordrecht.hollandschdiep.060;Dordrecht Hollands Diep 060;c(4.636051, 51.71681)
Hollandsch Diep;Dordrecht Hollands Diep 000;dordrecht.hollandschdiep.000;Dordrecht Hollands Diep 000;c(4.636542, 51.716367)
Hollandsch Diep;Hollandsch Diep, mond Dordtsche Kil, west;hollandschdiep.monddordtschekil.west;Hollandsch Diep, mond Dordtsche Kil, west;c(4.606226, 51.711725)
Hollandsch Diep;Willemstad, Volkerak;willemstad.volkerak;voorheen Rak zuid;c(4.397417, 51.682434)
Hollandsche IJssel;Gouda, voorhaven;gouda.voorhaven;Gouda, voorhaven;c(4.691184, 51.996723)
Hollandsche IJssel;Krimpen aan de IJssel, Hollandsche IJssel;krimpenaandeijssel.hollandscheijssel;Krimpen aan de IJssel, Hollandsche IJssel;c(4.579, 51.9165)
Hollandsche IJssel;Gouda Hollandsche IJssel;gouda.hollandscheijssel;Gouda Hollandsche IJssel;c(4.71972, 52.00658)
IJssel;Recreatiepark De Scherpenhof;recreatieparkdescherpenhof;Recreatiepark De Scherpenhof;c(6.099814, 52.298177)
IJssel;Doesburg, Het Zwarte Schaar;doesburg.hetzwarteschaar;Camping IJsselstrand;c(6.159603, 52.030895)
IJssel;Rhederlaag, Giese Kop;rhederlaag.giesekop;Rhederlaag, Giese Kop;c(6.058402, 51.992371)
IJssel;Olburgen, Zwarte Schaar;olburgen.zwarteschaar;Olburgen, Zwarte Schaar;c(6.136088, 52.03555)
IJssel;Rhederlaag, Noordoever;rhederlaag.noordoever;Rhederlaag, Noordoever;c(6.046758, 52.002495)
IJssel;Rhederlaag, Bahrsche Strand;rhederlaag.bahrschestrand;Rhederlaag, Bahrsche Strand;c(6.041818, 51.987341)
IJssel;Kampen;kampen;Kampen;c(5.917924, 52.558966)
IJssel;Westervoort;westervoort;Westervoort;c(5.954706, 51.967031)
IJssel;Westervoort, 1;westervoort.1;voorheen IJsselkop;c(5.962, 51.9705)
IJssel;Olst;olst;Olst;c(6.10448, 52.34201)
IJssel;Zutphen, IJssel;zutphen.ijssel;noord;c(6.182, 52.154)
IJssel;Kampen, IJssel;kampen.ijssel;voorheen bovenhaven;c(5.9264, 52.552)
IJssel;Wijhe;wijhe;Wijhe;c(6.126917, 52.387)
IJssel;Westervoort Hondsbroeksche Pleij IJssel;westervoort.hondbroekschepleij.ijssel;Westervoort Hondsbroeksche Pleij IJssel;c(5.950237, 51.959934)
IJssel;Doesburg, IJssel;doesburg.ijssel;Doesburg, IJssel;c(6.130488, 52.019532)
IJssel;Kampen, Keteldiep;kampen.keteldiep;Kampen, Keteldiep;c(5.8467, 52.5816)
IJssel;Veessen Wapenveld;veessen;Veessen Wapenveld;c(6.077656, 52.368033)
IJssel;Westervoort, 2;westervoort.2;IJsseldijkerwaard;c(5.962, 51.9705)
IJssel;De Steeg;desteeg;De Steeg;c(6.062269, 52.017067)
IJssel;Deventer;deventer;Deventer;c(6.153247, 52.251194)
IJssel;Westervoort, Hondsbroeksche Pleij, Geul;westervoort.hondsbroekschepleij.geul;voorheen, oost;c(5.953158, 51.956117)
IJssel;De Steeg, haven;desteeg.haven;De Steeg, haven;c(6.044835, 52.01012)
IJssel;Westervoort, Hondsbroeksche Pleij, IJssel;westervoort.hondsbroekschepleij.ijssel;voorheen, west;c(5.950239, 51.959933)
IJsselmeer;Molkwerum, Molkwerum;molkwerum.molkwerum;Molkwerum, Molkwerum;c(5.396689, 52.905866)
IJsselmeer;Hindeloopen, Badpaviljoen Hindeloopen;hindeloopen.badpaviljoenhindeloopen;Hindeloopen, Badpaviljoen Hindeloopen;c(5.403328, 52.933444)
IJsselmeer;Urk, dijkstrand;urk.dijkstrand;Urk, dijkstrand;c(5.59259, 52.663389)
IJsselmeer;Andijk, Zwemstrand;andijk.zwemstrand;Andijk, Zwemstrand;c(5.175511, 52.739678)
IJsselmeer;Lemsterstrand, Lemmer;lemsterstrand.lemmer;Lemsterstrand, Lemmer;c(5.70004, 52.842398)
IJsselmeer;De Holle Poarte, Makkum;dehollepoarte.makkum;De Holle Poarte, Makkum;c(5.37802, 53.052862)
IJsselmeer;Den Oever, zuiderhaven, Strand;denoever.zuiderhaven.strand;Den Oever, zuiderhaven, Strand;c(5.039899, 52.931638)
IJsselmeer;Enkhuizen, strand;enkhuizen.strand;Enkhuizen, strand;c(5.292279, 52.712292)
IJsselmeer;Stavoren, It Suderstrand;stavoren.itsuderstrand;Stavoren, It Suderstrand;c(5.370067, 52.872139)
IJsselmeer;It Soal, Workum;itsoal.workum;It Soal, Workum;c(5.411288, 52.965695)
IJsselmeer;Medemblik, Vooroever, Het Nesbos;medemblik.vooroever.hetnesbos;Medemblik, Vooroever, Het Nesbos;c(5.124689, 52.755223)
IJsselmeer;Medemblik, Vooroever, Vlietsingel Poel;medemblik.vooroever.vlietsingelpoel;Medemblik, Vooroever, Vlietsingel Poel;c(5.119063, 52.764619)
IJsselmeer;Schokkerhaven, strand;schokkerhaven.strand;Schokkerhaven, strand;c(5.7438, 52.612048)
IJsselmeer;De Hege Gerzen, Oudemirdum;dehegegerzen.oudemirdum;De Hege Gerzen, Oudemirdum;c(5.545044, 52.833115)
IJsselmeer;Mirnser Klif, Mirns;mirnserklif.mirns;Mirnser Klif, Mirns;c(5.480474, 52.850437)
IJsselmeer;Lelystad, Houtribhoek, strand;lelystad.houtribhoek.strand;Lelystad, Houtribhoek, strand;c(5.455701, 52.549447)
IJsselmeer;Strand Staversekade;strandstaversekade;Strand Staversekade;c(5.594348, 52.659846)
IJsselmeer;Stavoren zuid;stavoren.zuid;voorheen noord;c(5.35915, 52.87923)
IJsselmeer;Andijk IJsselmeer;andijk.ijsselmeer;Andijk IJsselmeer;c(5.265018, 52.750524)
IJsselmeer;Andijk Zwemstrand extra;andijk.zwemstrandextra;Andijk Zwemstrand extra;c(5.1715, 52.7408)
IJsselmeer;Lelystad, Houtribhoek;lelystad.houtribhoek;Lelystad, Houtribhoek;c(5.472736, 52.560481)
IJsselmeer;Swifterbant, Ketelmeer;swifterbant.ketelmeer;voorheen Ketelmeer, west;c(5.6455, 52.6055)
IJsselmeer;Ramsdiep;ramsdiep;kilometer 10;c(5.931705, 52.630065)
IJsselmeer;Steile Bank;steilebank;Steile Bank;c(5.629536, 52.828102)
IJsselmeer;Vrouwezand;vrouwezand;Vrouwezand;c(5.393138, 52.810348)
IJsselmeer;Val van Urk;valvanurk;Val van Urk;c(5.53868, 52.653881)
IJsselmeer;Lemmer Teroelsterkolk buiten;lemmer.teroelsterkolk.buiten;Lemmer Teroelsterkolk buiten;c(5.68338, 52.84506)
IJsselmeer;Wieringen IJsselmeer oost;wieringen.ijsselmeer.oost;Wieringen IJsselmeer oost;c(5.118889, 52.873472)
IJsselmeer;Andijk;andijk;voorheen IJsselmeer, meetpaal 38;c(5.265049, 52.7503)
IJsselmeer;Makkum sluis buiten;makkum.sluis.buiten;Makkum sluis buiten;c(5.40223, 53.05451)
IJsselmeer;Rotterdamsehoek IJsselmeer;rotterdamsehoek.ijsselmeer;Rotterdamsehoek IJsselmeer;c(5.552, 52.748722)
IJsselmeer;Stavoren gemaal Hoogland buiten;stavoren.gemaalhoogland.buiten;Stavoren gemaal Hoogland buiten;c(5.36396, 52.87793)
IJsselmeer;Friesekust IJsselmeer;friesekust.ijsselmeer;Friesekust IJsselmeer;c(5.478778, 52.822278)
IJsselmeer;Den Oever, spuisluis, binnen;denoever.spuisluis.binnen;ponton;c(5.052922, 52.936311)
IJsselmeer;Kornwerderzand IJsselmeer spui;kornwerderzand.ijsselmeer.spui;Kornwerderzand IJsselmeer spui;c(5.32872, 53.06802)
IJsselmeer;Kornwerderzand IJsselmeer vaargeul;kornwerderzand.ijsselmeer.vaargeul;Kornwerderzand IJsselmeer vaargeul;c(5.34483, 53.04868)
IJsselmeer;Den Oever IJsselmeer Vaargeul;denoever.ijsselmeer.vaargeul;Den Oever IJsselmeer Vaargeul;c(5.0807, 52.90437)
IJsselmeer;Oude Zeug;oudezeug;Oude Zeug;c(5.103472, 52.859168)
IJsselmeer;Rotterdamse Hoek;rotterdamsehoek;Rotterdamse Hoek;c(5.533865, 52.760831)
IJsselmeer;Kornwerderzand IJsselmeer Middelgronden;kornwerderzand.ijsselmeer.middelgronden;Kornwerderzand IJsselmeer Middelgronden;c(5.3103, 53.05167)
IJsselmeer;Vrouwezand, meetpaal;vrouwezand.meetpaal;Friese kust;c(5.487566, 52.810405)
IJsselmeer;Den Oever, IJsselmeer binnenhaven;denoever.ijsselmeer.binnenhaven;Den Oever, IJsselmeer binnenhaven;c(5.047539, 52.930195)
IJsselmeer;Kornwerderzand, IJsselmeer binnenhaven;kornwerderzand.ijsselmeer.binnenhaven;Kornwerderzand, IJsselmeer binnenhaven;c(5.337321, 53.06835)
IJsselmeer;Rotterdamse Hoek, meetpaal FL2;rotterdamsehoek.meetpaalfl2;Rotterdamse Hoek, meetpaal FL2;c(5.550114, 52.748229)
IJsselmeer;Kadoelen, Zwanediep;kadoelen.zwanediep;Kadoelen, Zwanediep;c(5.981641, 52.658243)
IJsselmeer;Krabbersgat, IJsselmeer;krabbersgat.ijsselmeer;voorheen, noord;c(5.284, 52.694)
IJsselmeer;Ramspolkering Ketelmeerzijde;ramspolkering.ketelmeer;0;c(5.84081401, 52.610468)
IJsselmeer;Lemmer, IJsselmeer;lemmer.ijsselmeer;Lemmer, IJsselmeer;c(5.71, 52.838)
IJsselmeer;Lelystad, Houtribsluis, noord;lelystad.houtribsluis.noord;Lelystad, Houtribsluis, noord;c(5.435, 52.531)
IJsselmeer;Ramspolbrug, Ramsdiep;ramspolbrug.ramsdiep;Ramspolbrug, Ramsdiep;c(5.841944, 52.612666)
IJsselmeer;Lemmer IJsselmeer Woudagemaal;lemmer.ijsselmeer.woudagemaal;Lemmer IJsselmeer Woudagemaal;c(5.67997, 52.8461)
IJsselmeer;Ketelhaven, Ketelmeer;ketelhaven.ketelmeer;voorheen Ketelmond;c(5.7627, 52.5825)
IJsselmeer;Zeughoek;zeughoek;Zeughoek;c(5.113911, 52.844769)
Julianakanaal;Bunde, kanaal;bunde.kanaal;Bunde, kanaal;c(5.7247, 50.906308)
Julianakanaal;Echt;echt.kanaal;JK 29.59;c(5.849302, 51.106626)
Julianakanaal;Maastricht, Borgharen, Julianakanaal;maastricht.borgharen.julianakanaal;Maastricht, Borgharen, Julianakanaal;c(5.6995, 50.869)
Nieuwe Maas;Brienenoord;brienenoord;kilometer 996.5;c(4.525587, 51.899898)
Nieuwe Maas;Rotterdam, Lekhaven;rotterdam.lekhaven;rechter oever km 1005.2;c(4.429597, 51.904099)
Nieuwe Maas;Rotterdam, Brienenoordbrug;rotterdam.brienenoordbrug;rechter oever kilometer 995.2;c(4.542468, 51.90525)
Nieuwe Maas;Rotterdam, Nieuwe Maas, Boerengat;rotterdam.nieuwemaas.boerengat;Rotterdam, Nieuwe Maas, Boerengat;c(4.5003, 51.9184)
Nieuwe Maas;Parksluis;parksluis;Parksluis;c(4.464452, 51.906535)
Nieuwe Maas;Vlaardingen;vlaardingen;Vlaardingen;c(4.349048, 51.899639)
Nieuwe Maas;Rotterdam IJzerwerkerkade;rotterdam.ijzerwerkerkade;Radarpost 23;c(4.51838, 51.89947)
Nieuwe Maas;Rotterdam Kuip;rotterdam.kuip;Rotterdam Kuip;c(4.518375, 51.899467)
Nieuwe Waterweg;Hoek van Holland;hoekvanholland;rechter oever kilometer 1030.1;c(4.119827, 51.976899)
Nieuwe Waterweg;Hoek van Holland, Maeslantkering, Beneden, noord;hoekvanholland.maeslantkering.beneden.noord;zeezijde;c(4.161443, 51.958239)
Nieuwe Waterweg;Rozenburgsesluis, zuidzijde;rozenburgsesluis.zuidzijde;Rozenburgsesluis, zuidzijde;c(4.229823, 51.891244)
Nieuwe Waterweg;Europoort, Hartelbrug;europoort.hartelbrug;Europoort, Hartelbrug;c(4.307781, 51.86635)
Nieuwe Waterweg;Botlek Geulhaven;botlek.geulhaven;Radarpost 10;c(4.312531, 51.891814)
Nieuwe Waterweg;Maasvlakte Europahaven;maasvlakte.europahaven;Maasvlakte Europahaven;c(4.029139, 51.962167)
Nieuwe Waterweg;Maasvlakte, Hartelhaven;maasvlakte.hartelhaven;Maasvlakte, Hartelhaven;c(4.042464, 51.929692)
Nieuwe Waterweg;Suurhofbrug, noordzijde;suurhofbrug.noordzijde;Suurhofbrug, noordzijde;c(4.107234, 51.937687)
Nieuwe Waterweg;Europoort, Harmsenbrug;europoort.harmsenbrug;Europoort, Harmsenbrug;c(4.210879, 51.901771)
Nieuwe Waterweg;Europahaven;europahaven;Europahaven;c(4.029151, 51.962179)
Kanaal van Gent naar Terneuzen;Sas van Gent;sasvangent;noordzijde brug;c(3.807499, 51.230267)
Kanaal van Gent naar Terneuzen;Terneuzen, Sluiskilbrug;terneuzen.sluiskilbrug;Terneuzen, Sluiskilbrug;c(3.8354, 51.294)
Kanaal van St. Andries;Sint Andries, Waal;sintandries.waal;Sint Andries, Waal;c(5.357049, 51.798608)
Kanaal Wessem-Nederweert;Panheel, gemaal;panheel.gemaal;Panheel, gemaal;c(5.8563, 51.176547)
Kanaal Wessem-Nederweert;Panheel, sluis, inlaat;panheel.sluis.inlaat;NettobalansIN;c(5.8563, 51.176542)
Kanaal Wessem-Nederweert;Panheel, sluis, uitlaat;panheel.sluis.uitlaat;NettobalansUIT;c(5.8563, 51.176542)
Kanaal Wessem-Nederweert;Panheel boven;panheel.sluis.boven;km 3,25;c(5.856013, 51.176126)
Lateraal kanaal;Heel boven;heel.kanaal;km 67,34;c(5.918, 51.1743)
Lateraal kanaal;Heel beneden;heel.maas;km 85,08;c(5.9195, 51.1765)
Noord;Alblasserdam;alblasserdam;rechteroever nabij brug;c(4.656146, 51.856606)
Noordervaart;Nederweert-Eind;nederweerteind.noordervaart;Nederweert-Eind;c(5.77045, 51.28051)
Noordzee;Neeltje Jans, badstrand;neeltjejans.badstrand;Neeltje Jans, badstrand;c(3.707639, 51.642656)
Noordzee;Zandmotor Lagune;kijkduin.zandmotor.lagune;Zandmotor Lagune;c(4.191399, 52.054397)
Noordzee;Zandmotor, Lagune;zandmotor.lagune;Zandmotor, Lagune;c(4.194816, 52.05587)
Noordzee;Scheveningen, Zuiderstrand;scheveningen.zuiderstrand;Scheveningen, Zuiderstrand;c(4.246922, 52.091658)
Noordzee;Terschelling, Badstrand West aan Zee;terschelling.badstrandwestaanzee;Terschelling, Badstrand West aan Zee;c(5.251798, 53.405252)
Noordzee;Tweede Maasvlakte, Badstrand;tweedemaasvlakte.badstrand;Tweede Maasvlakte, Badstrand;c(3.978392, 51.926613)
Noordzee;Callantsoog;callantsoog;Callantsoog;c(4.688827, 52.837511)
Noordzee;Grote Vlak;grotevlak;Grote Vlak;c(4.708013, 53.025892)
Noordzee;Noordwijk aan Zee, Boulevard;noordwijkaanzee.boulevard;Noordwijk aan Zee, Boulevard;c(4.424869, 52.243415)
Noordzee;Vlieland, Badstrand 't Badhuis;vlieland.badstrandtbadhuis;Vlieland, Badstrand 't Badhuis;c(5.051838, 53.304982)
Noordzee;Kijkduin;kijkduin;Kijkduin;c(4.218659, 52.070859)
Noordzee;Camperduin;camperduin;Camperduin;c(4.635916, 52.714184)
Noordzee;Ameland, Nes, badstrand;ameland.nes.badstrand;Ameland, Nes, badstrand;c(5.778186, 53.462079)
Noordzee;Brouwersdam, Kabbelaarsbank;brouwersdam.kabbelaarsbank;Brouwersdam, Kabbelaarsbank;c(3.843696, 51.763016)
Noordzee;De Krim;dekrim;De Krim;c(4.819031, 53.164407)
Noordzee;Badstrand Buren, Ameland;badstrandburen.ameland;Badstrand Buren, Ameland;c(5.809289, 53.463349)
Noordzee;Scharendijke, Ellemeet badstrand;scharendijke.ellemeetbadstrand;Scharendijke, Ellemeet badstrand;c(3.818102, 51.740741)
Noordzee;Badstrand Hoorn, Terschelling;badstrandhoorn.terschelling;Badstrand Hoorn, Terschelling;c(5.342075, 53.416362)
Noordzee;West Nieuwland;westnieuwland;West Nieuwland;c(3.86466, 51.785765)
Noordzee;De Koog;dekoog;De Koog;c(4.754129, 53.103606)
Noordzee;Badstrand Prins Bernhardweg, Schiermonnikoog;badstrandprinsbernhardweg.schiermonnikoog;Badstrand Prins Bernhardweg, Schiermonnikoog;c(6.190084, 53.503886)
Noordzee;Hollum, badstrand;hollum.badstrand;Hollum, badstrand;c(5.612977, 53.44996)
Noordzee;Ballum badstrand;ballum.badstrand;Ballum badstrand;c(5.6958763, 53.4659132)
Noordzee;Terschelling, 10 km uit de kust;terschelling.10kmuitdekust;Terschelling, 10 km uit de kust;c(5.09952, 53.460377)
Noordzee;Walcheren, 2 km uit de kust;walcheren.2kmuitdekust;Walcheren, 2 km uit de kust;c(3.409531, 51.548074)
Noordzee;Terschelling, 235 km uit de kust;terschelling.235kmuitdekust;Terschelling, 235 km uit de kust;c(3.156081, 55.171526)
Noordzee;Noordwijk, 70 km uit de kust;noordwijk.70kmuitdekust;Noordwijk, 70 km uit de kust;c(3.53006, 52.585331)
Noordzee;Noordwijk, 2 km uit de kust Flachsee;noordwijk.2kmuitdekust.flachsee;Flachseemeting;c(4.412317, 52.253814)
Noordzee;Terschelling, 175 km uit de kust;terschelling.175kmuitdekust;Terschelling, 175 km uit de kust;c(3.690277, 54.718461)
Noordzee;Noordwijk, 20 km uit de kust;noordwijk.20kmuitdekust;Noordwijk, 20 km uit de kust;c(4.173695, 52.340886)
Noordzee;Terschelling, 50 km uit de kust;terschelling.50kmuitdekust;Terschelling, 50 km uit de kust;c(4.765613, 53.766773)
Noordzee;Terschelling, 100 km uit de kust;terschelling.100kmuitdekust;Terschelling, 100 km uit de kust;c(4.34059, 54.148726)
Noordzee;Walcheren, 70 km uit de kust;walcheren.70kmuitdekust;Walcheren, 70 km uit de kust;c(2.677835, 51.956135)
Noordzee;Goeree 2 km uit de kust;goeree2kmuitdekust;Goeree 2 km uit de kust;c(3.915502, 51.846089)
Noordzee;Walcheren, 20 km uit de kust;walcheren.20kmuitdekust;Walcheren, 20 km uit de kust;c(3.219245, 51.657798)
Noordzee;Goeree 6 km uit de kust;goeree6kmuitdekust;Goeree 6 km uit de kust;c(3.872311, 51.868923)
Noordzee;Noordwijk, 10 km uit de kust Flachsee;noordwijk.10kmuitdekust.flachsee;Flachseemeting;c(4.305106, 52.290014)
Noordzee;Terschelling, 135 km uit de kust;terschelling.135kmuitdekust;Terschelling, 135 km uit de kust;c(4.03974, 54.414843)
Noordzee;Schouwen, 10 km uit de kust;schouwen.10kmuitdekust;Schouwen, 10 km uit de kust;c(3.493973, 51.719192)
Noordzee;Bleekersvallei;bleekersvallei;Bleekersvallei;c(4.725084, 53.069571)
Noordzee;Rockanje, 2e Slag;rockanje.2eslag;Rockanje, 2e Slag;c(4.048874, 51.867792)
Noordzee;Oosterschelde, 4;oosterschelde.4;voorheen Schaar;c(3.69342, 51.65514)
Noordzee;Vlakte van de Raan, punt 02;vlaktevanderaan.2;Vlakte van de Raan, punt 02;c(3.24204, 51.502702)
Noordzee;Schouwenbank, 1;schouwenbank.1;Anchor South, wrakkenboei;c(3.305423, 51.745871)
Noordzee;Domburger Rassen;domburgerrassen;Domburger Rassen;c(3.399065, 51.619433)
Noordzee;Cadzand, 1;cadzand.1;voorheen punt 02;c(3.368697, 51.390145)
Noordzee;Schouwenbank, 2;schouwenbank.2;Noordzee, Schouwenbank, Anchor South;c(3.3062, 51.7438)
Noordzee;Brouwersdam Brouwershavense Gat 2;brouwersdam.brouwershavensegat.2;Brouwersdam Brouwershavense Gat 2;c(3.621747, 51.766527)
Noordzee;Boomkensdiep;boomkensdiep;Boomkensdiep;c(5.167224, 53.378964)
Noordzee;Stellendam, buiten;stellendam.buiten;meetboei;c(4.042533, 51.8317)
Noordzee;Vlakte van de Raan;vlaktevanderaan;Vlakte van de Raan;c(3.242164, 51.503721)
Noordzee;Brouwershavensche Gat 08;brouwershavensche.gat.08;Brouwershavensche Gat 08;c(3.81148391, 51.75075645)
Noordzee;Brouwersdam Brouwershavense Gat 8;brouwersdam.brouwershavensegat.8;Brouwersdam Brouwershavense Gat 8;c(3.81472, 51.74644)
Noordzee;Haringvliet, punt 10;haringvliet.10;Haringvliet, punt 10;c(3.860561, 51.862779)
Noordzee;IJGeul, 1;ijgeul.1;voorheen IJmuiden stroommeetpaal;c(4.517596, 52.463943)
Noordzee;IJmuiden, stroommeetpaal, BACKUP;ijmuiden.stroommeetpaal.backup;IJmuiden, stroommeetpaal, BACKUP;c(4.517741, 52.464034)
Noordzee;Hollandse Kust Zuid platform Alpha;hollandsekust.zuid.alpha;Hollandse Kust Zuid platform Alpha;c(4.19569, 52.232547)
Noordzee;Oosterschelde Roompotsluis buiten;oosterschelde.roompotsluis.buiten;Oosterschelde Roompotsluis buiten;c(3.68, 51.619)
Noordzee;Buitenbanken west;buitenbanken.west;Buitenbanken west;c(2.97225, 51.79502)
Noordzee;Schiermonnikoog, Westgat;schiermonnikoog.westgat;Schiermonnikoog, Westgat;c(6.03565, 53.52612)
Noordzee;Hollandse Kust Noord Alpha;hollandsekust.noord.alpha;Hollandse Kust Noord Alpha;c(4.2935, 52.69777)
Noordzee;Eierlandse Gat;eierlandsegat;Eierlandse Gat;c(4.660347, 53.2762)
Noordzee;J6;j6;platform;c(2.95001, 53.816632)
Noordzee;Stortemelk, west;stortemelk.west;Stortemelk, west;c(4.995998, 53.320717)
Noordzee;A12 platform;a12;A12 platform;c(3.8, 55.383333)
Noordzee;IJmuiden, munitiestort, 1;ijmuiden.munitiestort.1;IJmuiden, munitiestort, 1;c(4.057019, 52.549225)
Noordzee;IJmuiden Munitiestort 2;ijmuiden.munitiestort.2;IJmuiden Munitiestort 2;c(4.0782, 52.568244)
Noordzee;Goeree, lichteiland;goeree.lichteiland;Goeree, lichteiland;c(3.668416, 51.925034)
Noordzee;Borssele Windpark Alpha platform;borsselealpha;Borssele Windpark Alpha platform;c(3.056707, 51.699921)
Noordzee;Stortemelk, oost;stortemelk.oost;Stortemelk, oost;c(5.102088, 53.321314)
Noordzee;Schiermonnikoog, noord;schiermonnikoog.noord;Schiermonnikoog, noord;c(6.165377, 53.594837)
Noordzee;Ameland Westgat platform;amelandwestgat;Ameland Westgat platform;c(5.94114, 53.49164)
Noordzee;Maasgeul 2;maasgeul.2;vh Maasvlakte noord boei;c(4.00326, 51.99386)
Noordzee;IJgeul, 2;ijgeul.2;voorheen IJmuiden 05;c(4.266748, 52.492281)
Noordzee;L9;l9;platform;c(4.966667, 53.616667)
Noordzee;Schaar Stroomgat;schaar.stroomgat;Schaar Stroomgat;c(3.09968, 51.65163)
Noordzee;K14;k14;platform;c(3.633333, 53.266667)
Noordzee;Westereems, west;westereems.west;Westereems, west;c(6.366667, 53.618056)
Noordzee;Europlatform 3;europlatform.3;boei;c(3.26647, 51.9978)
Noordzee;Europlatform;europlatform;Europlatform;c(3.275071, 51.99781)
Noordzee;Eurogeul, DWE;eurogeul.dwe;Eurogeul, DWE;c(2.998954, 51.947527)
Noordzee;Vlakte van de Raan Deurloo;vlaktevanderaan.deurloo;Vlakte van de Raan Deurloo;c(3.242044, 51.5027)
Noordzee;Eurogeul, E13;eurogeul.e13;Eurogeul, E13;c(3.741804, 52.009184)
Noordzee;F3;f3;platform;c(4.726133, 54.853199)
Noordzee;IJgeul, 3;ijgeul.3;voorheen IJgeul 1 boei;c(4.3, 52.49)
Noordzee;Hollandse kust, noord , deelgebied;hollandsekust.noord.deelgebied;Hollandse kust, noord , deelgebied;c(4.602027, 52.754793)
Noordzee;Ameland, Westgat;ameland.westgat;platform;c(5.941194, 53.491639)
Noordzee;K13a platform;k13a;K13a platform;c(3.218922, 53.217016)
Noordzee;Hollandse Kust, Zuid Windpark Noord;hollandsekust.zuid.windparknoord;Hollandse Kust, Zuid Windpark Noord;c(4.056, 52.393)
Noordzee;Oosterschelde, 11;oosterschelde.11;Oosterschelde, 11;c(3.480331, 51.64329)
Noordzee;Hollandse Kust, Zuid Windpark Zuid;hollandsekust.zuid.windparkzuid;Hollandse Kust, Zuid Windpark Zuid;c(4.0849, 52.244)
Noordzee;K13a meetboei;k13a.1;nabij platform;c(3.2217, 53.2155)
Noordzee;Hollandse Kust West Alpha;hollandsekust.west.alpha;Hollandse Kust West Alpha;c(3.8046, 52.67977)
Noordzee;Texel, Noordzee;texel.noordzee;Texel, Noordzee;c(4.733193, 53.120612)
Noordzee;Oosterschelde, 14;oosterschelde.14;Oosterschelde, 14;c(3.676908, 51.720117)
Noordzee;Scheveningen;scheveningen;Scheveningen;c(4.263563, 52.099035)
Noordzee;Terschelling, Noordzee;terschelling.noordzee;Terschelling, Noordzee;c(5.333033, 53.442486)
Noordzee;Hollandse Kust, Noord Windpark Zuid;hollandsekust.noord.windparkzuid;Hollandse Kust, Noord Windpark Zuid;c(4.325, 52.7)
Noordzee;Hollandse Kust, Noord Windpark Noord;hollandsekust.noord.windparknoord;Hollandse Kust, Noord Windpark Noord;c(4.285, 52.783)
Noordzee;Maasvlakte Amaliahaven;maasvlakte.amaliahaven;Maasvlakte Amaliahaven;c(3.99496, 51.96219)
Noordzee;Wierumergronden;wierumergronden;Wierumergronden;c(5.958261, 53.515827)
Noordzee;Hollandse kustzone, noord;hollandsekustzone.noord;Hollandse kustzone, noord;c(4.520678, 52.801489)
Noordzee;Hollandse kustzone, zuid;hollandsekustzone.zuid;Hollandse kustzone, zuid;c(4.202444, 52.208319)
Noordzee;Hollandse kustzone, midden;hollandsekustzone.midden;Hollandse kustzone, midden;c(4.416944, 52.490858)
Noordzee;Haringvliet, kustzone;haringvliet.kustzone;Haringvliet, kustzone;c(3.865528, 51.937486)
Noordzeekanaal;IJmuiden, T1;ijmuiden.t1;Noordzeekanaal tijdelijk voor IJmuiden1;c(4.626452, 52.464155)
Noordzeekanaal;IJmuiden, binnen toeleidingskanaal;ijmuiden.binnentoeleidingskanaal;kilometer 2;c(4.622005, 52.466014)
Noordzeekanaal;Westzaan;westzaan;kilometer 13;c(4.764255, 52.427822)
Noordzeekanaal;Velserkom;velsen.velserkom;Velserkom;c(4.623665, 52.467611)
Noordzeekanaal;Spaarndam, Zijkanaal C;spaarndam.zijkanaalc;Spaarndam, Zijkanaal C;c(4.693508, 52.420077)
Noordzeekanaal;Velsen-Zuid, Spaarndammerpolder;velsenzuid.spaarndammerpolder;Velsen-Zuid, Spaarndammerpolder;c(4.69707, 52.441489)
Noordzeekanaal;Buitenhuizen;buitenhuizen;kilometer 10;c(4.722711, 52.433277)
Noordzeekanaal;IJmuiden, noordersluis, oost;ijmuiden.noordersluis.oost;IJmuiden, noordersluis, oost;c(4.614, 52.4672)
Noordzeekanaal;Velsen Zuid Velsertunnel;velsenzuid.velsertunnel;Velsen Zuid Velsertunnel;c(4.655179, 52.461534)
Oosterschelde;Sint Annaland, Badstrand;sintannaland.badstrand;Sint Annaland, Badstrand;c(4.104683, 51.606822)
Oosterschelde;Katseveer, badstrand;katseveer.badstrand;Katseveer, badstrand;c(3.868421, 51.54039)
Oosterschelde;Sint Maartensdijk, Muiepolder, badstrand;sintmaartensdijk.muiepolder.badstrand;Sint Maartensdijk, Muiepolder, badstrand;c(4.062721, 51.536551)
Oosterschelde;Colijnsplaat, badstrand;colijnsplaat.badstrand;Colijnsplaat, badstrand;c(3.841332, 51.603504)
Oosterschelde;Ouwerkerk, Hoek van Ouwerkerk, badstrand;ouwerkerk.hoekvanouwerkerk.badstrand;Ouwerkerk, Hoek van Ouwerkerk, badstrand;c(3.961335, 51.616176)
Oosterschelde;Bergse Diepsluis, noord;bergsediepsluis.noord;badstrand;c(4.173062, 51.5124)
Oosterschelde;Wemeldinge, badstrand;wemeldinge.badstrand;Wemeldinge, badstrand;c(3.999621, 51.521166)
Oosterschelde;Yerseke, Postweg badstrand;yerseke.postwegbadstrand;Yerseke, Postweg badstrand;c(4.04369, 51.502533)
Oosterschelde;Krabbendijke, Roelshoek, badstrand;krabbendijke.roelshoek.badstrand;Krabbendijke, Roelshoek, badstrand;c(4.125464, 51.436473)
Oosterschelde;Sint Philipsland, badstrand;sintphilipsland.badstrand;Sint Philipsland, badstrand;c(4.170557, 51.616741)
Oosterschelde;Stavenisse, badstrand;stavenisse.badstrand;Stavenisse, badstrand;c(4.003615, 51.593832)
Oosterschelde;Grevelingendam, Plaat van Oude Tonge, badstrand;grevelingendam.plaatvanoudetonge.badstrand;Grevelingendam, Plaat van Oude Tonge, badstrand;c(4.140619, 51.676206)
Oosterschelde;Krammersluis laagbekken, badstrand;krammersluislaagbekken.badstrand;Krammersluis laagbekken, badstrand;c(4.17475, 51.648967)
Oosterschelde;Kamperland, De Roompot, badstrand;kamperland.deroompot.badstrand;Kamperland, De Roompot, badstrand;c(3.730112, 51.593171)
Oosterschelde;Wissenkerke;wissenkerke;Wissenkerke;c(3.720566, 51.601576)
Oosterschelde;Lodijkse Gat;lodijksegat;Lodijkse Gat;c(4.127053, 51.515274)
Oosterschelde;Zijpe;zijpe;Zijpe;c(4.096983, 51.644719)
Oosterschelde;Hammen, oost;hammen.oost;Hammen, oost;c(3.852695, 51.6602)
Oosterschelde;Keeten;keeten;Keeten;c(3.965277, 51.606947)
Oosterschelde;Wilhelminadorp, Galgenplaat;wilhelminadorp.galgenplaat;Wilhelminadorp, Galgenplaat;c(3.925206, 51.549835)
Oosterschelde;Marollegat;marollegat;Marollegat;c(4.191958, 51.479747)
Oosterschelde;Sint Philipsland Slaak zuid;sintphilipsland.slaak.zuid;OM2;c(4.15109, 51.65136)
Oosterschelde;Bruinisse Krammersluis laagbekken;bruinisse.krammersluis.laagbekken;Bruinisse Krammersluis laagbekken;c(4.160037, 51.658109)
Oosterschelde;Sint Philipsland Slaak oost;sintphilipsland.slaak.oost;OM3;c(4.17166, 51.6442)
Oosterschelde;Sint Philipsland Slaak noord;sintphilipsland.slaak.noord;OB1;c(4.15386, 51.65423)
Oosterschelde;Bruinisse Krammersluis sluis, Oosterschelde;bruinisse.krammersluis.oosterschelde.1;Bruinisse Krammersluis sluis, Oosterschelde;c(4.155639, 51.661389)
Oosterschelde;Plaat van Oude Tonge, oost;plaatvanoudetonge.oost;Plaat van Oude Tonge, oost;c(4.13955, 51.672527)
Oosterschelde;Bruinisse Krammersluizen Krammer Noord;bruinisse.krammersluizen.krammernoord;Bruinisse Krammersluizen Krammer Noord;c(4.127, 51.67008)
Oosterschelde;Krammersluis Oosterscheldezijde;bruinisse.krammersluis.oosterscheldezijde;Krammersluis Oosterscheldezijde;c(4.155639, 51.661389)
Oosterschelde;Stavenisse, keeten;stavenisse.keeten;Stavenisse, keeten;c(4.015242, 51.60037)
Oosterschelde;Roggenplaat;roggenplaat;Roggenplaat;c(3.80717, 51.63883)
Oosterschelde;Yerseke;yerseke;Yerseke;c(4.07513, 51.506154)
Oosterschelde;Sint Annaland, Haven Steiger;sintannaland.havensteiger;Sint Annaland, Haven Steiger;c(4.109586, 51.603596)
Oosterschelde;Tholen, Bergse Diepsluis, buiten;tholen.bergsediepsluis.buiten;west;c(4.165743, 51.511335)
Oosterschelde;Stavenisse;stavenisse;Stavenisse;c(4.004, 51.598)
Oosterschelde;Oosterschelde Roompotsluis binnen;oosterschelde.roompotsluis.binnen;Oosterschelde Roompotsluis binnen;c(3.688, 51.618)
Oosterschelde;Sint Annaland haven;sintannaland.oosterschelde;Sint Annaland haven;c(4.1096, 51.6036)
Oosterschelde;Bruinisse Krammersluis, Oosterschelde;bruinisse.krammersluis.oosterschelde.2;vh west;c(4.14228, 51.65922)
Oosterschelde;Krammersluizen west;krammersluizen.west;Krammersluizen west;c(4.14426368, 51.65934474)
Oosterschelde;Marollegat, oost;marollegat.oost;Marollegat, oost;c(4.199683, 51.475008)
Oude Maas;Puttershoek;puttershoek;Puttershoek;c(4.565993, 51.811648)
Oude Maas;Spijkenisse, Beerenplaat;spijkenisse.beerenplaat;linker oever km 996.1;c(4.420907, 51.839573)
Oude Maas;Spijkenisse, Oude Maas, Brug;spijkenisse.oudemaas.brug;voorheen Spijkenissebrug westelijke doorvaart, km1002.6;c(4.33986, 51.859612)
Oude Maas;Heinenoord, Goidschalxoord;heinenoord.goidschalxoord;Heinenoord, Goidschalxoord;c(4.451622, 51.830298)
Oude Maas;Spijkenisse, Oude Maas;spijkenisse.oudemaas;inlaat voedingskanaal;c(4.333954, 51.861661)
Oude Maas;Dordrecht Oude Maas 195;dordrecht.oudemaas.195;vh Duivelseiland;c(4.637853, 51.80448)
Oude Maas;Dordrecht Oude Maas 060;dordrecht.oudemaas.060;vh Duivelseiland;c(4.638971, 51.803489)
Oude Maas;Dordrecht Oude Maas 000;dordrecht.oudemaas.000;vh Duivelseiland;c(4.639463, 51.803042)
Oude Maas;Dordrecht Oude Maas 135;dordrecht.oudemaas.135;vh Duivelseiland;c(4.638353, 51.804043)
Oude Maas;Dordrecht Oude Maas 300;dordrecht.oudemaas.300;vh Duivelseiland;c(4.636999, 51.805266)
Oude Maas;Dordrecht Oude Maas 150;dordrecht.oudemaas.150;vh Duivelseiland;c(4.638221, 51.80415)
Oude Maas;Dordrecht Oude Maas 225;dordrecht.oudemaas.225;vh Duivelseiland;c(4.637617, 51.804703)
Oude Maas;Dordrecht Oude Maas 075;dordrecht.oudemaas.075;vh Duivelseiland;c(4.638839, 51.803596)
Oude Maas;Dordrecht Oude Maas 015;dordrecht.oudemaas.015;vh Duivelseiland;c(4.63934, 51.80315)
Oude Maas;Dordrecht Oude Maas 240;dordrecht.oudemaas.240;vh Duivelseiland;c(4.637485, 51.804819)
Oude Maas;Dordrecht Oude Maas 090;dordrecht.oudemaas.090;vh Duivelseiland;c(4.638721, 51.803704)
Oude Maas;Dordrecht Oude Maas 030;dordrecht.oudemaas.030;vh Duivelseiland;c(4.639222, 51.803266)
Oude Maas;Dordrecht Oude Maas 165;dordrecht.oudemaas.165;vh Duivelseiland;c(4.638103, 51.804266)
Oude Maas;Dordrecht Oude Maas 105;dordrecht.oudemaas.105;vh Duivelseiland;c(4.638603, 51.80382)
Oude Maas;Dordrecht Oude Maas 120;dordrecht.oudemaas.120;vh Duivelseiland;c(4.638471, 51.803927)
Oude Maas;Dordrecht Oude Maas 180;dordrecht.oudemaas.180;vh Duivelseiland;c(4.637985, 51.804373)
Oude Maas;Dordrecht Oude Maas 255;dordrecht.oudemaas.255;vh Duivelseiland;c(4.637367, 51.804926)
Oude Maas;Dordrecht Oude Maas 045;dordrecht.oudemaas.045;vh Duivelseiland;c(4.639089, 51.803373)
Oude Maas;Dordrecht Oude Maas 270;dordrecht.oudemaas.270;vh Duivelseiland;c(4.637235, 51.805042)
Oude Maas;Dordrecht Oude Maas 210;dordrecht.oudemaas.210;vh Duivelseiland;c(4.637735, 51.804596)
Oude Maas;Dordrecht Oude Maas 285;dordrecht.oudemaas.285;vh Duivelseiland;c(4.637117, 51.805149)
Pannerdensch Kanaal;Pannerden, Pannerdensch kanaal;pannerden.pannerdenschkanaal;Pannerden, Pannerdensch kanaal;c(6.03778, 51.87475)
Pannerdensch Kanaal;Pannerden, regelwerk, beneden;pannerden.regelwerk.beneden;Pannerden, regelwerk, beneden;c(6.029691, 51.888635)
Pannerdensch Kanaal;Pannerden, regelwerk, boven;pannerden.regelwerk.boven;Pannerden, regelwerk, boven;c(6.030013, 51.888013)
Prinses Margrietkanaal;Terherne boven;terherne.boven;Terherne boven;c(5.7706, 53.04488)
Prinses Margrietkanaal;Terherne beneden;terherne.beneden;Terherne beneden;c(5.76625, 53.04323)
Randmeren;Horst, strand Horst;horst.strandhorst;Horst, strand Horst;c(5.558089, 52.3091)
Randmeren;Strandeiland Harderwijk;strandeilandharderwijk;Strandeiland Harderwijk;c(5.612686, 52.350684)
Randmeren;Almere-Haven, zwemstrand;almerehaven.zwemstrand;Almere-Haven, zwemstrand;c(5.212678, 52.332849)
Randmeren;Biddinghuizen, Ellerstrand;biddinghuizen.ellerstrand;Biddinghuizen, Ellerstrand;c(5.769785, 52.423421)
Randmeren;Huizen, Harderwijkerzand;huizen.harderwijkerzand;Huizen, Harderwijkerzand;c(5.279813, 52.30211)
Randmeren;Hulshorst, Bad Hoophuizen;hulshorst.badhoophuizen;Hulshorst, Bad Hoophuizen;c(5.706468, 52.384756)
Randmeren;Erkemederstrand;erkemederstrand;Erkemederstrand;c(5.489192, 52.266946)
Randmeren;Elburg, Spijkstrand;elburg.spijkstrand;Elburg, Spijkstrand;c(5.811525, 52.455967)
Randmeren;Abbertstrand;abbertstrand;Abbertstrand;c(5.853608, 52.51092)
Randmeren;Beachstrand, Eemhof;beachstrand.eemhof;Beachstrand, Eemhof;c(5.390089, 52.259908)
Randmeren;Harderwijk, Veluwestrand, 1;harderwijk.veluwestrand.1;Harderwijk, Veluwestrand, 1;c(5.61478, 52.355371)
Randmeren;Riviera Beach, Zuid;rivierabeach.zuid;Riviera Beach, Zuid;c(5.800884, 52.442927)
Randmeren;Zilverstrand;zilverstrand;Zilverstrand;c(5.15171, 52.329032)
Randmeren;Riviera Beach, noord;rivierabeach.noord;Riviera Beach, noord;c(5.805669, 52.448052)
Randmeren;Bremerbaaistrand;bremerbaaistrand;Bremerbaaistrand;c(5.728318, 52.416349)
Randmeren;Recreatieoord Veluwe Strandbad;recreatieoordveluwestrandbad;Recreatieoord Veluwe Strandbad;c(5.821841, 52.453215)
Randmeren;Blaricum, strand Voorland;blaricum.strandvoorland;Blaricum, strand Voorland;c(5.29721, 52.297694)
Randmeren;De oude Pol;deoudepol;De oude Pol;c(5.727666, 52.39283)
Randmeren;Huizen, strand Zomerkade;huizen.strandzomerkade;Huizen, strand Zomerkade;c(5.258616, 52.306448)
Randmeren;Woldstrand;woldstrand;Woldstrand;c(5.548758, 52.327771)
Randmeren;Surfstrand Almere;surfstrandalmere;Surfstrand Almere;c(5.205274, 52.335004)
Randmeren;Strand RCN;strandrcn;Strand RCN;c(5.546889, 52.309816)
Randmeren;Laakse strand;laaksestrand;Laakse strand;c(5.440589, 52.257505)
Randmeren;Spakenburg, Recreatiepark 't Kleine Zeetje;spakenburg.recreatieparktkleinezeetje;Spakenburg, Recreatiepark 't Kleine Zeetje;c(5.375501, 52.260105)
Randmeren;Naarderbos;naarderbos;Naarderbos;c(5.144671, 52.317819)
Randmeren;Drontermeerdijk, kilometer 0.4;drontermeerdijk.km0p4;Drontermeerdijk, kilometer 0.4;c(5.856154, 52.541179)
Randmeren;Eemmeerdijk, kilometer 23;eemmeerdijk.km23;Eemmeerdijk, kilometer 23;c(5.355114, 52.278751)
Randmeren;Veluwemeer, midden;veluwemeer.midden;zwaartepunt Veluwemeer;c(5.677842, 52.400648)
Randmeren;Reve;reve;Reve;c(5.860605, 52.517857)
Randmeren;Strand Nulde, zuid;strandnulde.zuid;Strand Nulde, zuid;c(5.530751, 52.266642)
Randmeren;Dronten Reevesluis noord;dronten.reevesluis.vossemeer;Dronten Reevesluis noord;c(5.8575, 52.5198)
Randmeren;Dronten Reevesluis zuid;dronten.reevesluis.drontermeer;Dronten Reevesluis zuid;c(5.8575, 52.5181)
Randmeren;Nijkerk, Nuldernauw;nijkerk.nuldernauw;Nijkerk, Nuldernauw;c(5.475311, 52.262814)
Randmeren;Elburg Elburgerbrug;elburg.elburgerbrug;Elburg Elburgerbrug;c(5.817102, 52.457466)
Randmeren;Nijkerk, Nijkerkernauw;nijkerk.nijkerkernauw;Nijkerk, Nijkerkernauw;c(5.470182, 52.261739)
Randmeren;Zeewolde, De Zegge;zeewolde.dezegge;Zeewolde, De Zegge;c(5.56179, 52.333001)
Reevediep;Reevediep;reevediep;Reevediep;c(5.893674, 52.527562)
Reevediep;Kampen Scheeresluis beneden;kampen.scheeresluis.beneden;Kampen Scheeresluis beneden;c(5.94723, 52.5308)
Schelde-Rijnverbinding;Oesterdam, westzijde, badstrand;oesterdam.westzijde.badstrand;Oesterdam, westzijde, badstrand;c(4.219455, 51.478623)
Schelde-Rijnverbinding;Oesterdam;oesterdam;Oesterdam;c(4.227061, 51.473934)
Schelde-Rijnverbinding;Antwerps Kanaalpand, kilometer 02;antwerpskanaalpand.km2;Antwerps Kanaalpand, kilometer 02;c(4.245773, 51.38782)
Schelde-Rijnverbinding;Nieuw-Vossemeer;nieuwvossemeer;Nieuw-Vossemeer;c(4.201577, 51.584608)
Schelde-Rijnverbinding;Rilland, Bathse Spuikanaal, inloop;rilland.bathsespuikanaal.inloop;Rilland, Bathse Spuikanaal, inloop;c(4.22577, 51.46291)
Schelde-Rijnverbinding;Rilland, Antwerps kanaalpand;rilland.antwerpskanaalpand;linker oever km 1042;c(4.237887, 51.405709)
Markermeer;Uitdam, Noord, strand;uitdam.noord.strand;Uitdam, Noord, strand;c(5.076405, 52.42818)
Markermeer;Warder;warder;Warder;c(5.032915, 52.565916)
Markermeer;Muiderberg;muiderberg;Muiderberg;c(5.12281, 52.329204)
Markermeer;Recreatiegebied Uiterdijk Schellinkhout;recreatiegebieduiterdijkschellinkhout;Recreatiegebied Uiterdijk Schellinkhout;c(5.120501, 52.63273)
Markermeer;Strand Schardam;strandschardam;Strand Schardam;c(5.021697, 52.593706)
Markermeer;Uitdam, strand;uitdam.strand;Uitdam, strand;c(5.07342, 52.424191)
Markermeer;Edam, badstrand;edam.badstrand;Edam, badstrand;c(5.071123, 52.51937)
Markermeer;IJburg, strand;ijburg.strand;IJburg, strand;c(5.014379, 52.355846)
Markermeer;Marken, strand;marken.strand;Marken, strand;c(5.098652, 52.457275)
Markermeer;Schellinkhouterdijk, Hoorn;schellinkhouterdijk.hoorn;Schellinkhouterdijk, Hoorn;c(5.077931, 52.641219)
Markermeer;Amsterdam, Strand Diemerpark;amsterdam.stranddiemerpark;Amsterdam, Strand Diemerpark;c(4.986986, 52.354645)
Markermeer;Volendam, strand Pieterman;volendam.strandpieterman;Volendam, strand Pieterman;c(5.061104, 52.487456)
Markermeer;Broekerhaven, recreatiepark;broekerhaven.recreatiepark;Broekerhaven, recreatiepark;c(5.256973, 52.686781)
Markermeer;Almeerderstrand;almeerderstrand;Almeerderstrand;c(5.138603, 52.33544)
Markermeer;Slobbeland, Volendam;slobbeland.volendam;Slobbeland, Volendam;c(5.0721, 52.491908)
Markermeer;Waterlandstrand Hemmeland Monnickendam;waterlandstrandhemmelandmonnickendam;Waterlandstrand Hemmeland Monnickendam;c(5.048647, 52.455111)
Markermeer;Hoorn zuid;hoorn.zuid;Hoorn zuid;c(5.04146, 52.63694)
Markermeer;Marker Wadden;markerwadden;Marker Wadden;c(5.424086, 52.577582)
Markermeer;Hoorn-Noord;hoorn.noord;Hoorn-Noord;c(5.0469, 52.6402)
Markermeer;Pampus, oost;pampus.oost;Pampus, oost;c(5.087658, 52.366482)
Markermeer;Markermeer, midden;markermeer.midden;Markermeer, midden;c(5.23124, 52.5317)
Markermeer;Marken Gouwzee;markengouwzee;Marken Gouwzee;c(5.085581, 52.46037)
Markermeer;Lelystad, haven;lelystad.haven;Lelystad, haven;c(5.376159, 52.505689)
Markermeer;Hoornsche Hop;hoornschehop;Hoornsche Hop;c(5.062389, 52.613093)
Markermeer;Markermeer Trintelzand;markermeer.trintelzand;Markermeer Trintelzand;c(5.37297, 52.62412)
Markermeer;Edam;edam;Edam;c(5.06988, 52.516051)
Markermeer;Almere, Hollandse brug;almere.hollandsebrug;Almere, Hollandse brug;c(5.1376, 52.3265)
Markermeer;Lelystad, Houtribsluis, zuid;lelystad.houtribsluis.zuid;Lelystad, Houtribsluis, zuid;c(5.433916, 52.526351)
Markermeer;Krabbersgat, Markermeer;krabbersgat.markermeer;voorheen, zuid;c(5.279974, 52.691226)
Markkanaal;Oosterhout, Marksluis, beneden;oosterhout.marksluis.beneden;Oosterhout, Marksluis, beneden;c(4.830861, 51.647889)
Maximakanaal;Rosmalen, Hintham, beneden;rosmalen.hintham.beneden;Rosmalen, Hintham, beneden;c(5.358111, 51.700278)
Maximakanaal;Rosmalen Hinthamsluis beneden;rosmalen.hinthamsluis.beneden;Rosmalen Hinthamsluis beneden;c(5.358111, 51.700277)
Maximakanaal;Empel beneden;shertogenbosch.empel.maas;km 215,40;c(5.332889, 51.740083)
Maximakanaal;Empel, kanaal;shertogenbosch.empel.kanaal;Empel, kanaal;c(5.333972, 51.738528)
Maximakanaal;Rosmalen Hinthamsluis boven;rosmalen.hinthamsluis.boven;Rosmalen Hinthamsluis boven;c(5.359194, 51.697111)
Maximakanaal;Rosmalen, Hintham, boven;rosmalen.hintham.boven;Rosmalen, Hintham, boven;c(5.359169, 51.696961)
Meppelerdiep;Zwartsluis gemaal pomp1;zwartsluis.gemaal.pomp1;vh pomp oost;c(6.079753, 52.637761)
Meppelerdiep;Zwartsluis gemaal pomp2;zwartsluis.gemaal.pomp2;vh pomp midden;c(6.079606, 52.637807)
Meppelerdiep;Zwartsluis gemaal pomp3;zwartsluis.gemaal.pomp3;vh pomp west;c(6.079459, 52.637852)
Meppelerdiep;Zwartsluis, Meppelerdiep;zwartsluis.meppelerdiep;km 2.5;c(6.092924, 52.652215)
Westerschelde;Vlissingen, Nolle badstrand;vlissingen.nollebadstrand;Vlissingen, Nolle badstrand;c(3.549845, 51.450223)
Westerschelde;Breskens, Nieuwesluis, badstrand;breskens.nieuwesluis.badstrand;Breskens, Nieuwesluis, badstrand;c(3.500878, 51.404029)
Westerschelde;Breskens, Fort Frederik Hendrik;breskens.fortfrederikhendrik;Breskens, Fort Frederik Hendrik;c(3.536431, 51.406038)
Westerschelde;Cadzand, badstrand;cadzand.badstrand;Cadzand, badstrand;c(3.389726, 51.380518)
Westerschelde;het Zwin Duinlaan badstrand;hetzwinduinlaanbadstrand;het Zwin Duinlaan badstrand;c(3.370986, 51.373156)
Westerschelde;Nieuwvliet-Bad, oost, badstrand;nieuwvlietbad.oost.badstrand;Nieuwvliet-Bad, oost, badstrand;c(3.454546, 51.393569)
Westerschelde;Perkpolder, badstrand;perkpolder.badstrand;Perkpolder, badstrand;c(4.016338, 51.401619)
Westerschelde;Westkapelle, Erika badstrand;westkapelle.erikabadstrand;Westkapelle, Erika badstrand;c(3.437903, 51.52402)
Westerschelde;Borssele, badstrand;borssele.badstrand;Borssele, badstrand;c(3.715151, 51.427267)
Westerschelde;Zoutelande, Smidshoekje, badstrand;zoutelande.smidshoekje.badstrand;Zoutelande, Smidshoekje, badstrand;c(3.482188, 51.499037)
Westerschelde;Ritthem, Fort Rammekens, badstrand;ritthem.fortrammekens.badstrand;Ritthem, Fort Rammekens, badstrand;c(3.656545, 51.451945)
Westerschelde;Breskens, badstrand;breskens.badstrand;Breskens, badstrand;c(3.567371, 51.40051)
Westerschelde;Terneuzen, boei 20;terneuzen.boei20;Terneuzen, boei 20;c(3.825487, 51.346537)
Westerschelde;Vlissingen, boei SSVH;vlissingen.boeissvh;Vlissingen, boei SSVH;c(3.565619, 51.411991)
Westerschelde;Hansweert, geul;hansweert.geul;Hansweert, geul;c(4.014149, 51.436114)
Westerschelde;Baarland, badstrand;baarland.badstrand;Baarland, badstrand;c(3.898086, 51.394415)
Westerschelde;Zoutelande, Dishoek, badstrand;zoutelande.dishoek.badstrand;Zoutelande, Dishoek, badstrand;c(3.516144, 51.471984)
Westerschelde;Pas van Terneuzen;pasvanterneuzen;Pas van Terneuzen;c(3.775405, 51.366352)
Westerschelde;Hansweert, 2 overloop;hansweert.2overloop;Westerschelde, Overloop van Hansweert;c(3.917083, 51.375167)
Westerschelde;Rilland, Bath;rilland.bath;Rilland, Bath;c(4.21014, 51.39878)
Westerschelde;Valkenisse, overloop, nabij boei 65A;valkenisse.overloop.nabijboei65a;Westerschelde;c(4.136923, 51.370585)
Westerschelde;Hansweert;hansweert;Hansweert;c(3.99744, 51.44567)
Westerschelde;Honte, Kaloot;honte.kaloot;Honte, Kaloot;c(3.708643, 51.42747)
Westerschelde;Wielingen, noord;wielingen.noord;Wielingen, noord;c(3.415364, 51.432512)
Westerschelde;Kloosterzande, Baalhoek;kloosterzande.baalhoek;Kloosterzande, Baalhoek;c(4.10258, 51.366086)
Westerschelde;Ossenisse;ossenisse;vh Overloop van Hansweert;c(3.966769, 51.407884)
Westerschelde;Terneuzen, westsluis, buiten;terneuzen.westsluis.buiten;Terneuzen, westsluis, buiten;c(3.812564, 51.337472)
Westerschelde;Vlissingen Honte;vlissingen.honte;Vlissingen Honte;c(3.69231, 51.4363)
Westerschelde;Cadzand, 2;cadzand.2;Cadzand, 2;c(3.376275, 51.379298)
Westerschelde;Nieuwnamen Overloop van Valkenisse;nieuwnamen.overloopvanvalkenisse;Nieuwnamen Overloop van Valkenisse;c(4.136497, 51.369978)
Westerschelde;Terneuzen Pas van Terneuzen boei;terneuzen.pasvanterneuzen.1;Terneuzen Pas van Terneuzen boei;c(3.747208, 51.357777)
Westerschelde;Griete;griete;vh Overloop van Hansweert;c(3.919681, 51.372753)
Westerschelde;Gat van Borssele;gatvanborssele;Gat van Borssele;c(3.757884, 51.411393)
Westerschelde;Breskens, Veerhaven;breskens.veerhaven;Breskens, Veerhaven;c(3.550427, 51.403661)
Westerschelde;Westkapelle;westkapelle;Westkapelle;c(3.440031, 51.521448)
Westerschelde;Vlissingen;vlissingen;Vlissingen;c(3.6, 51.442)
Westerschelde;Terneuzen;terneuzen;Terneuzen;c(3.819812, 51.336212)
Westerschelde;Walsoorden;walsoorden;Walsoorden;c(4.026206, 51.398427)
Westerschelde;Schaar van de Noord;schaarvandenoord;Schaar van de Noord;c(4.164992, 51.377868)
Westerschelde;Borssele;borssele;Borssele;c(3.735446, 51.410924)
Westerschelde;Breskens, Handelshaven;breskens.handelshaven;Breskens, Handelshaven;c(3.565798, 51.396709)
Westerschelde;Rilland Bathse spuisluis buiten;rilland.bathsespuisluis.buiten;Rilland Bathse spuisluis buiten;c(4.234155, 51.39283)
Westerschelde;Terneuzen, boei WPT2;terneuzen.boeiwpt2;Terneuzen, boei WPT2;c(3.825365, 51.349682)
Westerschelde;Wielingen, oost;wielingen.oost;Wielingen, oost;c(3.503717, 51.420897)
Westerschelde;Hansweert, boei OHMG;hansweert.boeiohmg;Hansweert, boei OHMG;c(3.990671, 51.440034)
Wilhelminakanaal - Amertak;Oosterhout;oosterhout;Oosterhout;c(4.871365, 51.630371)
Wilhelminakanaal - Amertak;Haghorst Sluis 4 kolk;haghorst.sluis4.kolk;Haghorst Sluis 4 kolk;c(5.20772101, 51.49823098)
Wilhelminakanaal - Amertak;Oosterhout, Sluis 1, spuikanaal, klep rechts;oosterhout.sluis1.spuikanaal.kleprechts;Oosterhout, Sluis 1, spuikanaal, klep rechts;c(4.839742, 51.643003)
Wilhelminakanaal - Amertak;Tilburg Sluis 3 kolk;tilburg.sluis3.kolk;Tilburg Sluis 3 kolk;c(5.03554064, 51.58214439)
Wilhelminakanaal - Amertak;Oosterhout, Marksluis, inlaat;oosterhout.marksluis.inlaat;NettobalansIN;c(4.833494, 51.648139)
Wilhelminakanaal - Amertak;Oosterhout, Marksluis, uitlaat;oosterhout.marksluis.uitlaat;Schutten;c(4.833494, 51.648142)
Wilhelminakanaal - Amertak;Haghorst Sluis 4 schuif;haghorst.sluis4.schuif;Haghorst Sluis 4 schuif;c(5.20772101, 51.49823098)
Wilhelminakanaal - Amertak;Oosterhout, Sluis 1, uitlaat;oosterhout.sluis1.uitlaat;NettobalansUIT;c(4.839742, 51.643008)
Wilhelminakanaal - Amertak;Haghorst, Sluis 4, uitlaat;haghorst.sluis4.uitlaat;NettobalansUIT;c(5.207722, 51.498231)
Wilhelminakanaal - Amertak;Oosterhout, Sluis 1, gemaal;oosterhout.sluis1.gemaal;Malen;c(4.839742, 51.643014)
Wilhelminakanaal - Amertak;Lieshout, Donkersvoortseloop;lieshout.donkersvoortseloop;AA19;c(5.562284, 51.511872)
Wilhelminakanaal - Amertak;Oosterhout, Sluis 1, inlaat;oosterhout.sluis1.inlaat;NettobalansIN;c(4.839742, 51.643008)
Wilhelminakanaal - Amertak;Tilburg Sluis 3;tilburg.sluis3;Tilburg Sluis 3;c(5.03554064, 51.58214439)
Wilhelminakanaal - Amertak;Oosterhout, Sluis 1, kolk;oosterhout.sluis1.kolk;Schutten;c(4.839742, 51.643017)
Wilhelminakanaal - Amertak;Oosterhout, Sluis 1, spui;oosterhout.sluis1.spui;Spuien;c(4.839742, 51.643)
Wilhelminakanaal - Amertak;Dongen kanaal;dongen.kanaal;Donge aflaatwerk;c(4.92728, 51.62126)
Wilhelminakanaal - Amertak;Haghorst, sluis 4, boven;haghorst.sluis4.boven;Haghorst, sluis 4, boven;c(5.207719, 51.498219)
Wilhelminakanaal - Amertak;Haghorst, sluis 4, schuif1;haghorst.sluis4.schuif1;Haghorst, sluis 4, schuif1;c(5.207447, 51.497942)
Wilhelminakanaal - Amertak;Oosterhout, Marksluis, boven;oosterhout.marksluis.boven;Oosterhout, Marksluis, boven;c(4.833494, 51.648139)
Wilhelminakanaal - Amertak;Oosterhout, sluis 1, boven;oosterhout.sluis1.boven;Oosterhout, sluis 1, boven;c(4.83975, 51.643)
Wilhelminakanaal - Amertak;Tilburg, sluis 2, boven;tilburg.sluis2.boven;Tilburg, sluis 2, boven;c(4.9924, 51.59645)
Wilhelminakanaal - Amertak;Tilburg, sluis 2, beneden;tilburg.sluis2.beneden;Tilburg, sluis 2, beneden;c(4.9908, 51.59716)
Wilhelminakanaal - Amertak;Haghorst, sluis 4, beneden;haghorst.sluis4.beneden;Haghorst, sluis 4, beneden;c(5.206136, 51.498158)
Wilhelminakanaal - Amertak;Oosterhout, sluis 1, spuikanaal;oosterhout.sluis1.spuikanaal;Oosterhout, sluis 1, spuikanaal;c(4.8393, 51.644)
Wilhelminakanaal - Amertak;Tilburg, sluis 3, boven;tilburg.sluis3.boven;Tilburg, sluis 3, boven;c(5.036, 51.5816)
Wilhelminakanaal - Amertak;Tilburg, sluis 3, beneden;tilburg.sluis3.beneden;Tilburg, sluis 3, beneden;c(5.0324, 51.582)
Zuid-Willemsvaart (Brabantse tak);Poeldonk, Dungense Brug;poeldonk.dungensebrug;Poeldonk, Dungense Brug;c(5.368564, 51.680673)
Zuid-Willemsvaart (Brabantse tak);Veghel, Sluis 4, uitlaat;veghel.sluis4.uitlaat;NettobalansUIT;c(5.531564, 51.608553)
Zuid-Willemsvaart (Brabantse tak);Erp, Sluis 5, inlaat;erp.sluis5.inlaat;Spuien;c(5.58585, 51.577511)
Zuid-Willemsvaart (Brabantse tak);Beek en Donk, Sluis 6, inlaat;beekendonk.sluis6.inlaat;Spuien;c(5.630658, 51.539903)
Zuid-Willemsvaart (Brabantse tak);Helmond, sluis, boven;helmond.sluis.boven;Helmond, sluis, boven;c(5.693609, 51.44851)
Zuid-Willemsvaart (Brabantse tak);Schijndel sluis kolk;schijndel.sluis.kolk;Schijndel sluis kolk;c(5.44582047, 51.64834651)
Zuid-Willemsvaart (Brabantse tak);Helmond, spaarpand;helmond.spaarpand;Helmond, spaarpand;c(5.661485, 51.512634)
Zuid-Willemsvaart (Brabantse tak);Schijndel, sluis, inlaat;schijndel.sluis.inlaat;Spuien;c(5.443467, 51.648317)
Zuid-Willemsvaart (Brabantse tak);Beek en Donk, Sluis 6, uitlaat;beekendonk.sluis6.uitlaat;NettobalansUIT;c(5.630658, 51.539894)
Zuid-Willemsvaart (Brabantse tak);Erp, Sluis 5, uitlaat;erp.sluis5.uitlaat;NettobalansUIT;c(5.58585, 51.577506)
Zuid-Willemsvaart (Brabantse tak);Veghel, Sluis 4, inlaat;veghel.sluis4.inlaat;Spuien;c(5.531564, 51.608558)
Zuid-Willemsvaart (Brabantse tak);Beek En Donk Sluis6 kolk;beekendonk.sluis6.kolk;Beek En Donk Sluis6 kolk;c(5.63065851, 51.53989386)
Zuid-Willemsvaart (Brabantse tak);Helmond, Zuid-Willemsvaart, inlaat Nieuwe Aa;helmond.zuidwillemsvaart.inlaatnieuweaa;nettobalansuit;c(5.693592, 51.465297)
Zuid-Willemsvaart (Brabantse tak);Someren, sluis 13;someren.sluis13;ADM;c(5.7467, 51.3302)
Zuid-Willemsvaart (Brabantse tak);Schijndel;schijndel;Schijndel;c(5.443422, 51.648769)
Zuid-Willemsvaart (Brabantse tak);Aa, Helmond;aa.helmond;Aa, Helmond;c(5.682549, 51.488763)
Zuid-Willemsvaart (Brabantse tak);Aarle Rixtel, Schabbert, boven;aarlerixtel.schabbert.boven;Aarle Rixtel, Schabbert, boven;c(5.6542, 51.5205)
Zuid-Willemsvaart (Brabantse tak);Someren, sluis 11, boven;someren.sluis11.boven;Someren, sluis 11, boven;c(5.7277, 51.3953)
Zuid-Willemsvaart (Brabantse tak);Someren, sluis 12, boven;someren.sluis12.boven;Someren, sluis 12, boven;c(5.74345, 51.34945)
Zuid-Willemsvaart (Brabantse tak);Someren, sluis 12, beneden;someren.sluis12.beneden;Someren, sluis 12, beneden;c(5.74324, 51.3507)
Zuid-Willemsvaart (Brabantse tak);Beek en donk, sluis 6, boven;beekendonk.sluis6.boven;Beek en donk, sluis 6, boven;c(5.6343, 51.5369)
Zuid-Willemsvaart (Brabantse tak);Veghel, sluis 4, beneden;veghel.sluis4.beneden;Veghel, sluis 4, beneden;c(5.5306, 51.60915)
Zuid-Willemsvaart (Brabantse tak);Erp, sluis 5, boven;erp.sluis5.boven;Erp, sluis 5, boven;c(5.587317, 51.576461)
Zuid-Willemsvaart (Brabantse tak);Veghel, sluis 4, boven;veghel.sluis4.boven;Veghel, sluis 4, boven;c(5.5323, 51.60825)
Zuid-Willemsvaart (Brabantse tak);Beek en donk, sluis 6, beneden;beekendonk.sluis6.beneden;Beek en donk, sluis 6, beneden;c(5.633, 51.538)
Zuid-Willemsvaart (Brabantse tak);Someren, sluis 13, beneden;someren.sluis13.beneden;Someren, sluis 13, beneden;c(5.7466, 51.3309)
Zuid-Willemsvaart (Brabantse tak);Schijndel, sluis, beneden;schijndel.sluis.beneden;Schijndel, sluis, beneden;c(5.442469, 51.648831)
Zuid-Willemsvaart (Brabantse tak);Schijndel, sluis, boven;schijndel.sluis.boven;Schijndel, sluis, boven;c(5.445819, 51.648347)
Zuid-Willemsvaart (Brabantse tak);Someren, sluis 11, beneden;someren.sluis11.beneden;Someren, sluis 11, beneden;c(5.7264, 51.39615)
Zuid-Willemsvaart (Brabantse tak);Schijndel, sluis, spuikanaal;schijndel.sluis.spuikanaal;Schijndel, sluis, spuikanaal;c(5.443464, 51.648311)
Zuid-Willemsvaart (Brabantse tak);Someren, sluis 13, boven;someren.sluis13.boven;Someren, sluis 13, boven;c(5.7468, 51.3296)
Zuid-Willemsvaart (Brabantse tak);Erp, sluis 5, beneden;erp.sluis5.beneden;Erp, sluis 5, beneden;c(5.586153, 51.577442)
Zuid-Willemsvaart (Brabantse tak);Lierop, sluis 10, beneden;lierop.sluis10.beneden;Lierop, sluis 10, beneden;c(5.701031, 51.416914)
Zuid-Willemsvaart (Limburgse tak);Nederweert;nederweert;Nederweert;c(5.74975, 51.272393)
Zuid-Willemsvaart (Limburgse tak);Nederweert, Sluis 15, bypass;nederweert.sluis15.bypass;Nederweert, Sluis 15, bypass;c(5.751183, 51.272606)
Zuid-Willemsvaart (Limburgse tak);Nederweert, Sluis 15, voedingskanaal 1;nederweert.sluis15.voedingskanaal1;Nederweert, Sluis 15, voedingskanaal 1;c(5.751183, 51.272611)
Zuid-Willemsvaart (Limburgse tak);Nederweert, Sluis 15, inlaat;nederweert.sluis15.inlaat;Spuien;c(5.751183, 51.272625)
Zuid-Willemsvaart (Limburgse tak);Nederweert, Sluis 15, uitlaat;nederweert.sluis15.uitlaat;NettobalansUIT;c(5.751183, 51.272614)
Zuid-Willemsvaart (Limburgse tak);Nederweert, Sluis 15, voedingskanaal 2;nederweert.sluis15.voedingskanaal2;Nederweert, Sluis 15, voedingskanaal 2;c(5.751183, 51.272608)
Zuid-Willemsvaart (Limburgse tak);Weert, Lozen;weert.lozen;km 50;c(5.602491, 51.223141)
Zuid-Willemsvaart (Limburgse tak);Weert, sluis 16, beneden;weert.sluis16.beneden;Weert, sluis 16, beneden;c(5.669381, 51.245947)
Zuid-Willemsvaart (Limburgse tak);Weert, sluis 16, boven;weert.sluis16.boven;Weert, sluis 16, boven;c(5.666583, 51.245056)
Zuid-Willemsvaart (Limburgse tak);Nederweert, sluis 15, boven;nederweert.sluis15.boven;Nederweert, sluis 15, boven;c(5.7497, 51.2728)
Spui;Oud Beijerland, badstrand;oudbeijerland.badstrand;Oud Beijerland, badstrand;c(4.395771, 51.830109)
Spui;Spui Goudswaard;spuigoudswaard;Spui Goudswaard;c(4.27938, 51.803243)
Spui;Zuidland, Spui;zuidland.spui;Zuidland, Spui;c(4.282919, 51.80555)
Twentekanalen;Wiene;wiene;Wiene;c(6.650719, 52.240089)
Twentekanalen;Eefde, sluis, boven;eefde.sluis.boven;Eefde, sluis, boven;c(6.238, 52.161)
Twentekanalen;Enschede Vitens;enschedevitens;Enschede Vitens;c(6.833485, 52.236994)
Twentekanalen;Twenthekanaal, Hoofdkanaal km. 14.000;twenthekanaal.hoofdkanaalkm14p000;Exelsebrug;c(6.390405, 52.166707)
Twentekanalen;Delden Sint Annabrug kanaaldijk;delden.sintannabrug.kanaaldijk;Delden Sint Annabrug kanaaldijk;c(6.701179, 52.252104)
Twentekanalen;Twenthekanaal, Hoofdkanaal km. 28.100;twenthekanaal.hoofdkanaalkm28p100;Molenbeek;c(6.565323, 52.221655)
Twentekanalen;Markelo;markelo;voorheen Markelose brug;c(6.511601, 52.198063)
Twentekanalen;Almen;almen;Almen;c(6.28472, 52.165824)
Twentekanalen;Eefde, sluis, beneden;eefde.sluis.beneden;Eefde, sluis, beneden;c(6.22836, 52.159061)
Twentekanalen;Delden, sluis, beneden;delden.sluis.beneden;Delden, sluis, beneden;c(6.6754, 52.2457)
Twentekanalen;Hengelo, sluis, boven;hengelo.sluis.boven;Hengelo, sluis, boven;c(6.8064, 52.2459)
Twentekanalen;Hengelo, Oelerbrug;hengelo.oelerbrug;km 42.6;c(6.76734, 52.25037)
Twentekanalen;Hengelo, sluis, beneden;hengelo.sluis.beneden;Hengelo, sluis, beneden;c(6.802, 52.2464)
Twentekanalen;Delden, sluis, boven;delden.sluis.boven;Delden, sluis, boven;c(6.6793, 52.2472)
Twentekanalen;Aadorp;aadorp;Aadorp;c(6.6333, 52.3726)
Twentekanalen;Hengelo, Koppelleiding;hengelo.koppelleiding;Hengelo, Koppelleiding;c(6.801732, 52.246826)
Van Starkenborghkanaal;Grijpskerk Gaarkeuken oost;grijpskerk.gaarkeuken.oost;Grijpskerk Gaarkeuken oost;c(6.317575, 53.24909)
Van Starkenborghkanaal;Dorkwerd Reitdiep;dorkwerd.reitdiep;vh binnen;c(6.509171, 53.256512)
Van Starkenborghkanaal;Eibersburen;eibersburen;Eibersburen;c(6.252968, 53.24225)
Van Starkenborghkanaal;Grijpskerk Gaarkeuken west;grijpskerk.gaarkeuken.west;Grijpskerk Gaarkeuken west;c(6.305834, 53.247767)
Van Starkenborghkanaal;Groningen;groningen;Groningen;c(6.591879, 53.228119)
Veerse Meer;Veere, Bastionstrand;veere.bastionstrand;Veere, Bastionstrand;c(3.665099, 51.551055)
Veerse Meer;Kortgene, westbermweg, badstrand;kortgene.westbermweg.badstrand;Kortgene, westbermweg, badstrand;c(3.787712, 51.550326)
Veerse Meer;Kamperland, Sint Felixweg, badstrand;kamperland.sintfelixweg.badstrand;Kamperland, Sint Felixweg, badstrand;c(3.693537, 51.55219)
Veerse Meer;Veersegat, Dam, meerzijde, badstrand;veersegat.dam.meerzijde.badstrand;Veersegat, Dam, meerzijde, badstrand;c(3.628017, 51.583228)
Veerse Meer;De Piet, badstrand;depiet.badstrand;De Piet, badstrand;c(3.72634, 51.530635)
Veerse Meer;Oranjeplaat, badstrand;oranjeplaat.badstrand;Oranjeplaat, badstrand;c(3.706816, 51.51678)
Veerse Meer;Geersdijk badstrand;geersdijk.badstrand;Geersdijk badstrand;c(3.760963, 51.554766)
Veerse Meer;Kortgene paardekreek badstrand;kortgene.paardekreek.badstrand;Kortgene paardekreek badstrand;c(3.809462, 51.549776)
Veerse Meer;Schotsman Campensweg badstrand;schotsmancampenswegbadstrand;Schotsman Campensweg badstrand;c(3.649992, 51.574656)
Veerse Meer;Soelekerkepolder, oost;soelekerkepolder.oost;Soelekerkepolder, oost;c(3.730818, 51.542206)
Veerse Meer;Wolphaartsdijk, Schelphoek badstrand;wolphaartsdijk.schelphoekbadstrand;Wolphaartsdijk, Schelphoek badstrand;c(3.798573, 51.542428)
Veerse Meer;Kamperland, Schotsman;kamperland.schotsman;Kamperland, Schotsman;c(3.643279, 51.581616)
Veerse Meer;Arnemuiden Oranjeplaat;arnemuiden.oranjeplaat;Arnemuiden Oranjeplaat;c(3.70014, 51.51661)
Veerse Meer;Kamperland, Schotsman, Ruiterplaat;kamperland.schotsman.ruiterplaat;Kamperland, Schotsman, Ruiterplaat;c(3.643262, 51.581568)
Veerse Meer;Kats, Zandkreeksluis;kats.zandkreeksluis;voorheen buiten;c(3.865418, 51.543947)
Veerse Meer;Kats Zanskreekdam;kats.zandkreekdam;Kats Zanskreekdam;c(3.865703, 51.541981)
Veerse Meer;Kast Zanskreeksluis kolk1;kats.zandkreeksluis.kolk1;Kast Zanskreeksluis kolk1;c(3.862662, 51.543685)
Veerse Meer;Kats binnen;katsbinnen;Kats binnen;c(3.86283, 51.543733)
Voedingskanalen van de Zuid-Willemsvaart;Nederweert, sluis 15, voedingskanaal;nederweert.sluis15.voedingskanaal;Nederweert, sluis 15, voedingskanaal;c(5.7516, 51.27268)
Volkerak-Zoommeer;Steenbergen, Roosendaalsevliet;steenbergen.roosendaalsevliet;Steenbergen, Roosendaalsevliet;c(4.242284, 51.641197)
Volkerak-Zoommeer;Dinteloord, Volkerak;dinteloord.volkerak;Dinteloord, Volkerak;c(4.316483, 51.65291)
Volkerak-Zoommeer;Bruinisse Krammersluis Volkerak Noord;bruinisse.krammersluis.volkeraknoord;Bruinisse Krammersluis Volkerak Noord;c(4.16253, 51.661806)
Volkerak-Zoommeer;Bruinisse Krammersluis krammerput;bruinisse.krammersluis.krammerput;Bruinisse Krammersluis krammerput;c(4.186255, 51.666489)
Volkerak-Zoommeer;Bruinisse Krammersluis Volkerak Zuid;bruinisse.krammersluis.volkerakzuid;Bruinisse Krammersluis Volkerak Zuid;c(4.162606, 51.661332)
Volkerak-Zoommeer;Krammersluis volkerakzijde noord;bruinisse.krammersluis.volkerakzijdenoord;Krammersluis volkerakzijde noord;c(4.16253, 51.661806)
Volkerak-Zoommeer;Krammersluis volkerakzijde zuid;bruinisse.krammersluis.volkerakzijdezuid;Krammersluis volkerakzijde zuid;c(4.162606, 51.661332)
Volkerak-Zoommeer;Dinteloord, Volkerak, voorheen boei NV3;dinteloord.volkerak.voorheenboeinv3;Dinteloord, Volkerak, voorheen boei NV3;c(4.316622, 51.652966)
Volkerak-Zoommeer;Krammerput;krammerput;Krammerput;c(4.183083, 51.668111)
Vuile Gat;Hitsertse kade, badstrand;hitsertsekade.badstrand;Hitsertse kade, badstrand;c(4.368333, 51.736514)
Waal;De Bisonbaai;debisonbaai;De Bisonbaai;c(5.932841, 51.866931)
Waal;Bemmelse waard;bemmelsewaard;Bemmelse waard;c(5.8996, 51.881669)
Waal;Brakel;brakel;Andelse Maas;c(5.104336, 51.826764)
Waal;Dalem;dalem;voorheen Vuren;c(5.016527, 51.822)
Waal;Millingen a/d Rijn;millingenaanderijn;Millingen a/d Rijn;c(6.034838, 51.872957)
Waal;Tiel Sluis, Waal;tiel.sluis.waal;Tiel Sluis, Waal;c(5.456, 51.899)
Waal;Tiel, Waal;tiel.waal;Tiel, Waal;c(5.440687, 51.882384)
Waal;Nijmegen, Waal;nijmegen.waal;voorheen Nijmegen haven;c(5.854, 51.853)
Waal;Zaltbommel;zaltbommel;Zaltbommel;c(5.244645, 51.815154)
Waal;Dodewaard;dodewaard;Dodewaard;c(5.630518, 51.900512)
Waddenzee;Harlingen, Harlingerstrand;harlingen.harlingerstrand;Harlingen, Harlingerstrand;c(5.414661, 53.166818)
Waddenzee;Doove Balg, west;doovebalg.west;Doove Balg, west;c(5.032264, 53.052903)
Waddenzee;Dantziggat;dantziggat;Dantziggat;c(5.726981, 53.401137)
Waddenzee;Marsdiep, noord;marsdiep.noord;Marsdiep, noord;c(4.749934, 52.982538)
Waddenzee;Den Oever, Waddenzee voorhaven kolk;denoever.waddenzee.voorhaven.kolk;Den Oever, Waddenzee voorhaven kolk;c(5.045803, 52.931652)
Waddenzee;Kornwerderzand, Waddenzee voorhaven kolk;kornwerderzand.waddenzee.voorhaven.kolk;Kornwerderzand, Waddenzee voorhaven kolk;c(5.337103, 53.069944)
Waddenzee;Vliestroom;vliestroom;Vliestroom;c(5.159904, 53.313348)
Waddenzee;Holwerd vaargeul;holwerd.vaargeul;Holwerd vaargeul;c(5.8823891, 53.39828062)
Waddenzee;Dantziggat Piet Scheveplaat zuid;dantziggat.pietscheveplaat.zuid;Dantziggat Piet Scheveplaat zuid;c(5.79487, 53.37974)
Waddenzee;Den Hoorn Texel Waddenzee Gat van de Stier;denhoorntexel.waddenzee.gatvandestier;Den Hoorn Texel Waddenzee Gat van de Stier;c(4.828333, 53)
Waddenzee;Schiermonnikoog, Waddenzee;schiermonnikoog.waddenzee;Schiermonnikoog, Waddenzee;c(6.202908, 53.468937)
Waddenzee;Oude Westereems, zuid;oudewestereems.zuid;boei 1;c(6.726506, 53.487978)
Waddenzee;Ameland, Nes;ameland.nes;Ameland, Nes;c(5.759448, 53.429766)
Waddenzee;Den Helder Waddenzee Monding Nieuwe Haven;denhelder.waddenzee.mondingnieuwehaven;Den Helder Waddenzee Monding Nieuwe Haven;c(4.793579, 52.967226)
Waddenzee;Uithuizerwad;uithuizerwad;voorheen Uithuizerwad, 1;c(6.749939, 53.466778)
Waddenzee;Oude Westereems, noord, boei;oudewestereems.noord.boei;Oude Westereems, noord, boei;c(6.677245, 53.513226)
Waddenzee;Oude Westereems noord boei 1;oude.westereems.noord.boei.1;Oude Westereems noord boei 1;c(6.67724558, 53.51322518)
Waddenzee;Den Helder, Marsdiep;denhelder.marsdiep;Den Helder, Marsdiep;c(4.74499, 52.964359)
Waddenzee;Holwerd, Veersteiger;holwerd.veersteiger;zie kaart HAVKT.ZIP in DONAR;c(5.878059, 53.395656)
Waddenzee;Den Oever, Waddenzee voorhaven;denoever.waddenzee.voorhaven;Den Oever, Waddenzee voorhaven;c(5.045596, 52.931538)
Waddenzee;Terschelling, west;terschelling.west;Terschelling, west;c(5.220026, 53.363045)
Waddenzee;Harlingen, Waddenzee;harlingen.waddenzee;Harlingen, Waddenzee;c(5.409342, 53.175634)
Waddenzee;Kornwerderzand Waddenzee buitenhaven;kornwerderzand.waddenzee.buitenhaven;Kornwerderzand Waddenzee buitenhaven;c(5.334757, 53.07459)
Waddenzee;Den Helder, veersteiger;denhelder.veersteiger;Den Helder, veersteiger;c(4.778047, 52.963274)
Waddenzee;Ballumerbocht;ballumerbocht;Ballumerbocht;c(5.718231, 53.436203)
Waddenzee;Posthuiswad;posthuiswad;Posthuiswad;c(4.978845, 53.262102)
Waddenzee;Vlakte van Oosterbierum;vlaktevanoosterbierum;Vlakte van Oosterbierum;c(5.554794, 53.27391)
Zwarte Water;Genemuiden, veer;genemuiden.veer;Genemuiden, veer;c(6.038557, 52.629275)
Zwarte Water;Genemuiden;genemuiden;de ketting;c(6.033154, 52.633395)
Zwarte Water;Zwartsluis, Zwarte Water;zwartsluis.zwartewater;buiten;c(6.076, 52.6357)
Zwarte Water;Hasselt, Zwarte Water;hasselt.zwartewater;voorheen Mond der Vecht;c(6.101306, 52.564026)
Zwolle-IJsselkanaal;Zwolle, IJssel;zwolle.ijssel;voorheen Katerveer;c(6.053, 52.5086)
Zwolle-IJsselkanaal;Zwolle, Zwarte Water, kanaal;zwolle.zwartewater.kanaal;voorheen Spooldersluis binnen;c(6.054957, 52.509831)
Randmeren;Eemdijk;eemdijk;Eemdijk;c(5.32236, 52.261221)
